-- phpMyAdmin SQL Dump
-- version 5.2.0
-- https://www.phpmyadmin.net/
--
-- Host: 127.0.0.1
-- Generation Time: Aug 17, 2024 at 07:42 PM
-- Server version: 10.4.27-MariaDB
-- PHP Version: 8.2.0

SET SQL_MODE = "NO_AUTO_VALUE_ON_ZERO";
START TRANSACTION;
SET time_zone = "+00:00";


/*!40101 SET @OLD_CHARACTER_SET_CLIENT=@@CHARACTER_SET_CLIENT */;
/*!40101 SET @OLD_CHARACTER_SET_RESULTS=@@CHARACTER_SET_RESULTS */;
/*!40101 SET @OLD_COLLATION_CONNECTION=@@COLLATION_CONNECTION */;
/*!40101 SET NAMES utf8mb4 */;

--
-- Database: `skripsi`
--

-- --------------------------------------------------------

--
-- Table structure for table `failed_jobs`
--

CREATE TABLE `failed_jobs` (
  `id` bigint(20) UNSIGNED NOT NULL,
  `uuid` varchar(255) NOT NULL,
  `connection` text NOT NULL,
  `queue` text NOT NULL,
  `payload` longtext NOT NULL,
  `exception` longtext NOT NULL,
  `failed_at` timestamp NOT NULL DEFAULT current_timestamp()
) ENGINE=InnoDB DEFAULT CHARSET=utf8mb4 COLLATE=utf8mb4_unicode_ci;

-- --------------------------------------------------------

--
-- Table structure for table `gurus`
--

CREATE TABLE `gurus` (
  `id` bigint(20) UNSIGNED NOT NULL,
  `no_duk` int(11) NOT NULL,
  `nama_guru` varchar(255) NOT NULL,
  `beban_mengajar` double(8,2) NOT NULL,
  `created_at` timestamp NULL DEFAULT NULL,
  `updated_at` timestamp NULL DEFAULT NULL
) ENGINE=InnoDB DEFAULT CHARSET=utf8mb4 COLLATE=utf8mb4_unicode_ci;

--
-- Dumping data for table `gurus`
--

INSERT INTO `gurus` (`id`, `no_duk`, `nama_guru`, `beban_mengajar`, `created_at`, `updated_at`) VALUES
(1, 1, 'Hj. Pupu Puspitasari, S.Pd, M.Pd', 24.00, '2024-08-16 06:18:52', '2024-08-16 06:18:52'),
(2, 2, 'Hj. Epi Sopiah, S.Pd, M.Pd', 32.00, '2024-08-16 06:18:52', '2024-08-16 06:18:52'),
(3, 3, 'H. Dudung, S.Pd, M.Pd', 28.00, '2024-08-16 06:18:52', '2024-08-16 06:18:52'),
(4, 4, 'H. Dede Iryanto, S.Pd., M.Pd.', 37.00, '2024-08-16 06:18:52', '2024-08-16 06:18:52'),
(5, 5, 'Hj. Lina Rosalina, S.Pd', 24.00, '2024-08-16 06:18:52', '2024-08-16 06:18:52'),
(6, 6, 'Dra. Hj. Niknok Enok Nuraeni, M.Pd', 28.00, '2024-08-16 06:18:52', '2024-08-16 06:18:52'),
(7, 7, 'Ida Rosmawati, S.Pd, M.M', 28.00, '2024-08-16 06:18:52', '2024-08-16 06:18:52'),
(8, 8, 'Dra. Hj. Lela Nurlaila, M.Pd', 32.00, '2024-08-16 06:18:52', '2024-08-16 06:18:52'),
(9, 9, 'Drs.H. Aleh Soleh', 32.00, '2024-08-16 06:18:52', '2024-08-16 06:18:52'),
(10, 10, 'Dra. Diayuna', 40.00, '2024-08-16 06:18:52', '2024-08-16 06:18:52'),
(11, 11, 'H. Endang Solih, S.Pd, M.Pd', 24.00, '2024-08-16 06:18:52', '2024-08-16 06:18:52'),
(12, 12, 'Hj.Rina Damayanti, S.Pd', 30.00, '2024-08-16 06:18:52', '2024-08-16 06:18:52'),
(13, 13, 'Dr. Ida Farida Ningrum, M.Pd', 18.00, '2024-08-16 06:18:52', '2024-08-16 06:18:52'),
(14, 14, 'Ai Tintin S., S.Pd', 32.00, '2024-08-16 06:18:52', '2024-08-16 06:18:52'),
(15, 15, 'Dida Rupaida, S.Pd', 24.00, '2024-08-16 06:18:52', '2024-08-16 06:18:52'),
(16, 16, 'Dra. Olis, MM', 24.00, '2024-08-16 06:18:52', '2024-08-16 06:18:52'),
(17, 17, 'Mohamad Arif Hasan, S.Pd, M.Pd', 24.00, '2024-08-16 06:18:52', '2024-08-16 06:18:52'),
(18, 18, 'Asep Yadi Supriyadi, S.Pd, M.M', 24.00, '2024-08-16 06:18:52', '2024-08-16 06:18:52'),
(19, 19, 'Elin Rianah, S.Pd, M.M', 40.00, '2024-08-16 06:18:52', '2024-08-16 06:18:52'),
(20, 20, 'H.Apep Zenal Mustofa, M.Pd', 40.00, '2024-08-16 06:18:52', '2024-08-16 06:18:52'),
(21, 21, 'Hj. Sri Rahayu, S.Ag, M.Pd', 24.00, '2024-08-16 06:18:52', '2024-08-16 06:18:52'),
(22, 22, 'Kokon Sukron, S.Pd', 32.00, '2024-08-16 06:18:52', '2024-08-16 06:18:52'),
(23, 23, 'H.Tomi Bustomi, S.Pd', 32.00, '2024-08-16 06:18:52', '2024-08-16 06:18:52'),
(24, 24, 'Dian Nurhaeni, S.Pd', 24.00, '2024-08-16 06:18:52', '2024-08-16 06:18:52'),
(25, 25, 'Umaran RA, S.Pd', 36.00, '2024-08-16 06:18:52', '2024-08-16 06:18:52'),
(26, 26, 'Hj. Eneng Purwanti, S.Si, M.Pd', 28.00, '2024-08-16 06:18:52', '2024-08-16 06:18:52'),
(27, 27, 'Euis Ina Nurdiana, S.Pd. M.Pd', 28.00, '2024-08-16 06:18:52', '2024-08-16 06:18:52'),
(28, 28, 'Dr. Agus Ahmad Wakih, M.Sn', 24.00, '2024-08-16 06:18:52', '2024-08-16 06:18:52'),
(29, 29, 'Deti Rismayati, SP, M.M', 38.00, '2024-08-16 06:18:52', '2024-08-16 06:18:52'),
(30, 30, 'Neni Nurachman, S.Pd, Si, M.M', 36.00, '2024-08-16 06:18:52', '2024-08-16 06:18:52'),
(31, 31, 'Didin Mukromin, S.Pd', 28.00, '2024-08-16 06:18:52', '2024-08-16 06:18:52'),
(32, 32, 'Tri Ady Indrawan, S.Pd.', 31.00, '2024-08-16 06:18:52', '2024-08-16 06:18:52'),
(33, 33, 'Hj.Ai Titin, S.Pd, M.Pd', 31.00, '2024-08-16 06:18:52', '2024-08-16 06:18:52'),
(34, 34, 'Hj.Dewi Suryaningsih, S.Pd', 30.00, '2024-08-16 06:18:52', '2024-08-16 06:18:52'),
(35, 35, 'Hj.Ade Erni, S.Ag, M.Si', 24.00, '2024-08-16 06:18:52', '2024-08-16 06:18:52'),
(36, 36, 'Ade Risna Suhendi, S.Pd, M.Pd', 30.00, '2024-08-16 06:18:52', '2024-08-16 06:18:52'),
(37, 37, 'Fuji Rianti, M.Pd.', 32.00, '2024-08-16 06:18:52', '2024-08-16 06:18:52'),
(38, 38, 'Oon Noviani, S.Pd', 30.00, '2024-08-16 06:18:53', '2024-08-16 06:18:53'),
(39, 39, 'Muslimat Nurul Fitri, S.Pd.', 40.00, '2024-08-16 06:18:53', '2024-08-16 06:18:53'),
(40, 40, 'Barkah Agus Salam, S.Pd', 34.00, '2024-08-16 06:18:53', '2024-08-16 06:18:53'),
(41, 41, 'Anggi Dwi Ramdani, S.Pd', 36.00, '2024-08-16 06:18:53', '2024-08-16 06:18:53'),
(42, 42, 'Dinda Siti Saodah, S.Pd', 30.00, '2024-08-16 06:18:53', '2024-08-16 06:18:53'),
(43, 43, 'Deni Kurniawan, S.Pd', 30.00, '2024-08-16 06:18:53', '2024-08-16 06:18:53'),
(44, 44, 'Nurjamil, S.Sos.', 29.00, '2024-08-16 06:18:53', '2024-08-16 06:18:53'),
(45, 45, 'Suci Inayati, S.Pd.', 30.00, '2024-08-16 06:18:53', '2024-08-16 06:18:53'),
(46, 46, 'R. Gunggung Firmansyah, S.Pd', 24.00, '2024-08-16 06:18:53', '2024-08-16 06:18:53'),
(47, 47, 'Ima Nurmayatin, S.Pd.I,M.Pd.I', 24.00, '2024-08-16 06:18:53', '2024-08-16 06:18:53'),
(48, 48, 'Tantan Munawar, S.Pd', 36.00, '2024-08-16 06:18:53', '2024-08-16 06:18:53'),
(49, 49, 'Yusi Ayu Martiyan, S.Pd', 30.00, '2024-08-16 06:18:53', '2024-08-16 06:18:53'),
(50, 50, 'Rina Anggraeni, S.Pd, M.Pd.', 32.00, '2024-08-16 06:18:53', '2024-08-16 06:18:53'),
(51, 51, 'Shinta Fitriani, S.Pd', 26.00, '2024-08-16 06:18:53', '2024-08-16 06:18:53'),
(52, 52, 'Salis Nelul Janah, S.Pd.', 38.00, '2024-08-16 06:18:53', '2024-08-16 06:18:53'),
(53, 53, 'Farinda Sucianty,S.Pd', 32.00, '2024-08-16 06:18:53', '2024-08-16 06:18:53'),
(54, 54, 'Ita Astriyani, S.Pd', 31.00, '2024-08-16 06:18:53', '2024-08-16 06:18:53'),
(55, 55, 'Anisa Nurasiah, S.Pd', 26.00, '2024-08-16 06:18:53', '2024-08-16 06:18:53'),
(56, 56, 'Desi Intan Permani, S.Pd', 32.00, '2024-08-16 06:18:53', '2024-08-16 06:18:53'),
(57, 57, 'Desty Rosmiyati Dewi, S.Pd', 18.00, '2024-08-16 06:18:53', '2024-08-16 06:18:53'),
(58, 58, 'Euis Nur Fadilah, S.Pd', 28.00, '2024-08-16 06:18:53', '2024-08-16 06:18:53'),
(59, 59, 'Syifa Auliya, S.Pd', 28.00, '2024-08-16 06:18:53', '2024-08-16 06:18:53'),
(60, 60, 'Suci Anggawati Sari, S.Pd', 40.00, '2024-08-16 06:18:53', '2024-08-16 06:18:53'),
(61, 61, 'Dida Firman Hidayat, M.Pd', 24.00, '2024-08-16 06:18:53', '2024-08-16 06:18:53'),
(62, 62, 'Hj. Eni Nuraeni, S.Pd., M.Pd.', 8.00, '2024-08-16 06:18:53', '2024-08-16 06:18:53'),
(63, 63, 'Abdal Aziz, S.Pd.I', 28.00, '2024-08-16 06:18:53', '2024-08-16 06:18:53'),
(64, 64, 'Inggit Wildani Kahfi, S.Pd.', 24.00, '2024-08-16 06:18:53', '2024-08-16 06:18:53'),
(65, 65, 'Sherly Lucia, S.Sn.', 12.00, '2024-08-16 06:18:53', '2024-08-16 06:18:53');

-- --------------------------------------------------------

--
-- Table structure for table `guru_mata_pelajaran`
--

CREATE TABLE `guru_mata_pelajaran` (
  `id` bigint(20) UNSIGNED NOT NULL,
  `guru_id` bigint(20) UNSIGNED NOT NULL,
  `mapel_id` bigint(20) UNSIGNED NOT NULL,
  `created_at` timestamp NULL DEFAULT NULL,
  `updated_at` timestamp NULL DEFAULT NULL
) ENGINE=InnoDB DEFAULT CHARSET=utf8mb4 COLLATE=utf8mb4_unicode_ci;

--
-- Dumping data for table `guru_mata_pelajaran`
--

INSERT INTO `guru_mata_pelajaran` (`id`, `guru_id`, `mapel_id`, `created_at`, `updated_at`) VALUES
(1, 1, 13, '2024-08-16 06:18:53', '2024-08-16 06:18:53'),
(2, 1, 14, '2024-08-16 06:18:53', '2024-08-16 06:18:53'),
(3, 1, 15, '2024-08-16 06:18:53', '2024-08-16 06:18:53'),
(4, 1, 16, '2024-08-16 06:18:53', '2024-08-16 06:18:53'),
(5, 1, 17, '2024-08-16 06:18:53', '2024-08-16 06:18:53'),
(6, 2, 13, '2024-08-16 06:18:53', '2024-08-16 06:18:53'),
(7, 2, 14, '2024-08-16 06:18:53', '2024-08-16 06:18:53'),
(8, 2, 15, '2024-08-16 06:18:53', '2024-08-16 06:18:53'),
(9, 2, 16, '2024-08-16 06:18:53', '2024-08-16 06:18:53'),
(10, 2, 17, '2024-08-16 06:18:53', '2024-08-16 06:18:53'),
(11, 3, 13, '2024-08-16 06:18:53', '2024-08-16 06:18:53'),
(12, 3, 14, '2024-08-16 06:18:53', '2024-08-16 06:18:53'),
(13, 3, 15, '2024-08-16 06:18:53', '2024-08-16 06:18:53'),
(14, 3, 16, '2024-08-16 06:18:53', '2024-08-16 06:18:53'),
(15, 3, 17, '2024-08-16 06:18:53', '2024-08-16 06:18:53'),
(16, 5, 13, '2024-08-16 06:18:53', '2024-08-16 06:18:53'),
(17, 5, 14, '2024-08-16 06:18:53', '2024-08-16 06:18:53'),
(18, 5, 15, '2024-08-16 06:18:53', '2024-08-16 06:18:53'),
(19, 5, 16, '2024-08-16 06:18:53', '2024-08-16 06:18:53'),
(20, 5, 17, '2024-08-16 06:18:53', '2024-08-16 06:18:53'),
(21, 37, 13, '2024-08-16 06:18:53', '2024-08-16 06:18:53'),
(22, 37, 14, '2024-08-16 06:18:53', '2024-08-16 06:18:53'),
(23, 37, 15, '2024-08-16 06:18:53', '2024-08-16 06:18:53'),
(24, 37, 16, '2024-08-16 06:18:53', '2024-08-16 06:18:53'),
(25, 37, 17, '2024-08-16 06:18:53', '2024-08-16 06:18:53'),
(26, 50, 13, '2024-08-16 06:18:53', '2024-08-16 06:18:53'),
(27, 50, 14, '2024-08-16 06:18:53', '2024-08-16 06:18:53'),
(28, 50, 15, '2024-08-16 06:18:53', '2024-08-16 06:18:53'),
(29, 50, 16, '2024-08-16 06:18:53', '2024-08-16 06:18:53'),
(30, 50, 17, '2024-08-16 06:18:53', '2024-08-16 06:18:53'),
(31, 56, 13, '2024-08-16 06:18:53', '2024-08-16 06:18:53'),
(32, 56, 14, '2024-08-16 06:18:53', '2024-08-16 06:18:53'),
(33, 56, 15, '2024-08-16 06:18:53', '2024-08-16 06:18:53'),
(34, 56, 16, '2024-08-16 06:18:53', '2024-08-16 06:18:53'),
(35, 56, 17, '2024-08-16 06:18:53', '2024-08-16 06:18:53'),
(36, 6, 55, '2024-08-16 06:18:53', '2024-08-16 06:18:53'),
(37, 6, 56, '2024-08-16 06:18:53', '2024-08-16 06:18:53'),
(38, 34, 55, '2024-08-16 06:18:53', '2024-08-16 06:18:53'),
(39, 34, 56, '2024-08-16 06:18:53', '2024-08-16 06:18:53'),
(40, 38, 55, '2024-08-16 06:18:53', '2024-08-16 06:18:53'),
(41, 38, 56, '2024-08-16 06:18:53', '2024-08-16 06:18:53'),
(42, 40, 55, '2024-08-16 06:18:53', '2024-08-16 06:18:53'),
(43, 40, 56, '2024-08-16 06:18:53', '2024-08-16 06:18:53'),
(44, 7, 43, '2024-08-16 06:18:53', '2024-08-16 06:18:53'),
(45, 7, 44, '2024-08-16 06:18:53', '2024-08-16 06:18:53'),
(46, 7, 45, '2024-08-16 06:18:53', '2024-08-16 06:18:53'),
(47, 7, 46, '2024-08-16 06:18:53', '2024-08-16 06:18:53'),
(48, 12, 43, '2024-08-16 06:18:53', '2024-08-16 06:18:53'),
(49, 12, 44, '2024-08-16 06:18:53', '2024-08-16 06:18:53'),
(50, 12, 45, '2024-08-16 06:18:53', '2024-08-16 06:18:53'),
(51, 12, 46, '2024-08-16 06:18:53', '2024-08-16 06:18:53'),
(52, 26, 43, '2024-08-16 06:18:53', '2024-08-16 06:18:53'),
(53, 26, 44, '2024-08-16 06:18:53', '2024-08-16 06:18:53'),
(54, 26, 45, '2024-08-16 06:18:53', '2024-08-16 06:18:53'),
(55, 26, 46, '2024-08-16 06:18:53', '2024-08-16 06:18:53'),
(56, 42, 43, '2024-08-16 06:18:53', '2024-08-16 06:18:53'),
(57, 42, 44, '2024-08-16 06:18:53', '2024-08-16 06:18:53'),
(58, 42, 45, '2024-08-16 06:18:53', '2024-08-16 06:18:53'),
(59, 42, 46, '2024-08-16 06:18:53', '2024-08-16 06:18:53'),
(60, 8, 7, '2024-08-16 06:18:53', '2024-08-16 06:18:53'),
(61, 8, 8, '2024-08-16 06:18:53', '2024-08-16 06:18:53'),
(62, 8, 9, '2024-08-16 06:18:53', '2024-08-16 06:18:53'),
(63, 8, 10, '2024-08-16 06:18:53', '2024-08-16 06:18:53'),
(64, 8, 11, '2024-08-16 06:18:53', '2024-08-16 06:18:53'),
(65, 8, 12, '2024-08-16 06:18:53', '2024-08-16 06:18:53'),
(66, 14, 7, '2024-08-16 06:18:53', '2024-08-16 06:18:53'),
(67, 14, 8, '2024-08-16 06:18:53', '2024-08-16 06:18:53'),
(68, 14, 9, '2024-08-16 06:18:53', '2024-08-16 06:18:53'),
(69, 14, 10, '2024-08-16 06:18:53', '2024-08-16 06:18:53'),
(70, 14, 11, '2024-08-16 06:18:53', '2024-08-16 06:18:53'),
(71, 14, 12, '2024-08-16 06:18:53', '2024-08-16 06:18:53'),
(72, 23, 7, '2024-08-16 06:18:53', '2024-08-16 06:18:53'),
(73, 23, 8, '2024-08-16 06:18:53', '2024-08-16 06:18:53'),
(74, 23, 9, '2024-08-16 06:18:53', '2024-08-16 06:18:53'),
(75, 23, 10, '2024-08-16 06:18:53', '2024-08-16 06:18:53'),
(76, 23, 11, '2024-08-16 06:18:53', '2024-08-16 06:18:53'),
(77, 23, 12, '2024-08-16 06:18:53', '2024-08-16 06:18:53'),
(78, 27, 7, '2024-08-16 06:18:53', '2024-08-16 06:18:53'),
(79, 27, 8, '2024-08-16 06:18:53', '2024-08-16 06:18:53'),
(80, 27, 9, '2024-08-16 06:18:53', '2024-08-16 06:18:53'),
(81, 27, 10, '2024-08-16 06:18:53', '2024-08-16 06:18:53'),
(82, 27, 11, '2024-08-16 06:18:53', '2024-08-16 06:18:53'),
(83, 27, 12, '2024-08-16 06:18:53', '2024-08-16 06:18:53'),
(84, 53, 7, '2024-08-16 06:18:53', '2024-08-16 06:18:53'),
(85, 53, 8, '2024-08-16 06:18:53', '2024-08-16 06:18:53'),
(86, 53, 9, '2024-08-16 06:18:53', '2024-08-16 06:18:53'),
(87, 53, 10, '2024-08-16 06:18:53', '2024-08-16 06:18:53'),
(88, 53, 11, '2024-08-16 06:18:53', '2024-08-16 06:18:53'),
(89, 53, 12, '2024-08-16 06:18:53', '2024-08-16 06:18:53'),
(90, 9, 37, '2024-08-16 06:18:53', '2024-08-16 06:18:53'),
(91, 9, 38, '2024-08-16 06:18:53', '2024-08-16 06:18:53'),
(92, 9, 39, '2024-08-16 06:18:53', '2024-08-16 06:18:53'),
(93, 22, 37, '2024-08-16 06:18:53', '2024-08-16 06:18:53'),
(94, 22, 38, '2024-08-16 06:18:53', '2024-08-16 06:18:53'),
(95, 22, 39, '2024-08-16 06:18:53', '2024-08-16 06:18:53'),
(96, 30, 37, '2024-08-16 06:18:53', '2024-08-16 06:18:53'),
(97, 30, 38, '2024-08-16 06:18:53', '2024-08-16 06:18:53'),
(98, 30, 39, '2024-08-16 06:18:53', '2024-08-16 06:18:53'),
(99, 11, 18, '2024-08-16 06:18:53', '2024-08-16 06:18:53'),
(100, 11, 19, '2024-08-16 06:18:53', '2024-08-16 06:18:53'),
(101, 11, 20, '2024-08-16 06:18:53', '2024-08-16 06:18:53'),
(102, 18, 18, '2024-08-16 06:18:53', '2024-08-16 06:18:53'),
(103, 18, 19, '2024-08-16 06:18:53', '2024-08-16 06:18:53'),
(104, 18, 20, '2024-08-16 06:18:53', '2024-08-16 06:18:53'),
(105, 46, 18, '2024-08-16 06:18:53', '2024-08-16 06:18:53'),
(106, 46, 19, '2024-08-16 06:18:53', '2024-08-16 06:18:53'),
(107, 46, 20, '2024-08-16 06:18:53', '2024-08-16 06:18:53'),
(108, 61, 18, '2024-08-16 06:18:53', '2024-08-16 06:18:53'),
(109, 61, 19, '2024-08-16 06:18:53', '2024-08-16 06:18:53'),
(110, 61, 20, '2024-08-16 06:18:53', '2024-08-16 06:18:53'),
(111, 62, 18, '2024-08-16 06:18:53', '2024-08-16 06:18:53'),
(112, 62, 19, '2024-08-16 06:18:53', '2024-08-16 06:18:53'),
(113, 62, 20, '2024-08-16 06:18:53', '2024-08-16 06:18:53'),
(114, 13, 21, '2024-08-16 06:18:53', '2024-08-16 06:18:53'),
(115, 13, 22, '2024-08-16 06:18:53', '2024-08-16 06:18:53'),
(116, 13, 23, '2024-08-16 06:18:53', '2024-08-16 06:18:53'),
(117, 13, 24, '2024-08-16 06:18:53', '2024-08-16 06:18:53'),
(118, 31, 21, '2024-08-16 06:18:53', '2024-08-16 06:18:53'),
(119, 31, 22, '2024-08-16 06:18:53', '2024-08-16 06:18:53'),
(120, 31, 23, '2024-08-16 06:18:53', '2024-08-16 06:18:53'),
(121, 31, 24, '2024-08-16 06:18:53', '2024-08-16 06:18:53'),
(122, 43, 21, '2024-08-16 06:18:53', '2024-08-16 06:18:53'),
(123, 43, 22, '2024-08-16 06:18:53', '2024-08-16 06:18:53'),
(124, 43, 23, '2024-08-16 06:18:53', '2024-08-16 06:18:53'),
(125, 43, 24, '2024-08-16 06:18:53', '2024-08-16 06:18:53'),
(126, 51, 21, '2024-08-16 06:18:53', '2024-08-16 06:18:53'),
(127, 51, 22, '2024-08-16 06:18:53', '2024-08-16 06:18:53'),
(128, 51, 23, '2024-08-16 06:18:53', '2024-08-16 06:18:53'),
(129, 51, 24, '2024-08-16 06:18:53', '2024-08-16 06:18:53'),
(130, 55, 21, '2024-08-16 06:18:53', '2024-08-16 06:18:53'),
(131, 55, 22, '2024-08-16 06:18:53', '2024-08-16 06:18:53'),
(132, 55, 23, '2024-08-16 06:18:53', '2024-08-16 06:18:53'),
(133, 55, 24, '2024-08-16 06:18:53', '2024-08-16 06:18:53'),
(134, 15, 25, '2024-08-16 06:18:53', '2024-08-16 06:18:53'),
(135, 15, 26, '2024-08-16 06:18:53', '2024-08-16 06:18:53'),
(136, 15, 27, '2024-08-16 06:18:53', '2024-08-16 06:18:53'),
(137, 15, 28, '2024-08-16 06:18:53', '2024-08-16 06:18:53'),
(138, 28, 25, '2024-08-16 06:18:53', '2024-08-16 06:18:53'),
(139, 28, 26, '2024-08-16 06:18:53', '2024-08-16 06:18:53'),
(140, 28, 27, '2024-08-16 06:18:53', '2024-08-16 06:18:53'),
(141, 28, 28, '2024-08-16 06:18:53', '2024-08-16 06:18:53'),
(142, 65, 25, '2024-08-16 06:18:53', '2024-08-16 06:18:53'),
(143, 65, 26, '2024-08-16 06:18:53', '2024-08-16 06:18:53'),
(144, 65, 27, '2024-08-16 06:18:53', '2024-08-16 06:18:53'),
(145, 65, 28, '2024-08-16 06:18:53', '2024-08-16 06:18:53'),
(146, 16, 1, '2024-08-16 06:18:53', '2024-08-16 06:18:53'),
(147, 16, 2, '2024-08-16 06:18:53', '2024-08-16 06:18:53'),
(148, 16, 3, '2024-08-16 06:18:53', '2024-08-16 06:18:53'),
(149, 21, 1, '2024-08-16 06:18:53', '2024-08-16 06:18:53'),
(150, 21, 2, '2024-08-16 06:18:53', '2024-08-16 06:18:53'),
(151, 21, 3, '2024-08-16 06:18:53', '2024-08-16 06:18:53'),
(152, 35, 1, '2024-08-16 06:18:53', '2024-08-16 06:18:53'),
(153, 35, 2, '2024-08-16 06:18:53', '2024-08-16 06:18:53'),
(154, 35, 3, '2024-08-16 06:18:53', '2024-08-16 06:18:53'),
(155, 47, 1, '2024-08-16 06:18:53', '2024-08-16 06:18:53'),
(156, 47, 2, '2024-08-16 06:18:53', '2024-08-16 06:18:53'),
(157, 47, 3, '2024-08-16 06:18:53', '2024-08-16 06:18:53'),
(158, 63, 1, '2024-08-16 06:18:53', '2024-08-16 06:18:53'),
(159, 63, 2, '2024-08-16 06:18:53', '2024-08-16 06:18:53'),
(160, 63, 3, '2024-08-16 06:18:53', '2024-08-16 06:18:53'),
(161, 17, 40, '2024-08-16 06:18:53', '2024-08-16 06:18:53'),
(162, 17, 41, '2024-08-16 06:18:53', '2024-08-16 06:18:53'),
(163, 17, 42, '2024-08-16 06:18:53', '2024-08-16 06:18:53'),
(164, 29, 40, '2024-08-16 06:18:53', '2024-08-16 06:18:53'),
(165, 29, 41, '2024-08-16 06:18:53', '2024-08-16 06:18:53'),
(166, 29, 42, '2024-08-16 06:18:53', '2024-08-16 06:18:53'),
(167, 52, 40, '2024-08-16 06:18:53', '2024-08-16 06:18:53'),
(168, 52, 41, '2024-08-16 06:18:53', '2024-08-16 06:18:53'),
(169, 52, 42, '2024-08-16 06:18:53', '2024-08-16 06:18:53'),
(170, 24, 4, '2024-08-16 06:18:53', '2024-08-16 06:18:53'),
(171, 24, 5, '2024-08-16 06:18:53', '2024-08-16 06:18:53'),
(172, 24, 6, '2024-08-16 06:18:53', '2024-08-16 06:18:53'),
(173, 63, 4, '2024-08-16 06:18:53', '2024-08-16 06:18:53'),
(174, 63, 5, '2024-08-16 06:18:53', '2024-08-16 06:18:53'),
(175, 63, 6, '2024-08-16 06:18:53', '2024-08-16 06:18:53'),
(176, 64, 4, '2024-08-16 06:18:53', '2024-08-16 06:18:53'),
(177, 64, 5, '2024-08-16 06:18:53', '2024-08-16 06:18:53'),
(178, 64, 6, '2024-08-16 06:18:53', '2024-08-16 06:18:53'),
(179, 25, 33, '2024-08-16 06:18:53', '2024-08-16 06:18:53'),
(180, 25, 34, '2024-08-16 06:18:53', '2024-08-16 06:18:53'),
(181, 25, 35, '2024-08-16 06:18:53', '2024-08-16 06:18:53'),
(182, 41, 33, '2024-08-16 06:18:53', '2024-08-16 06:18:53'),
(183, 41, 34, '2024-08-16 06:18:53', '2024-08-16 06:18:53'),
(184, 41, 35, '2024-08-16 06:18:53', '2024-08-16 06:18:53'),
(185, 48, 33, '2024-08-16 06:18:53', '2024-08-16 06:18:53'),
(186, 48, 34, '2024-08-16 06:18:53', '2024-08-16 06:18:53'),
(187, 48, 35, '2024-08-16 06:18:53', '2024-08-16 06:18:53'),
(188, 32, 51, '2024-08-16 06:18:53', '2024-08-16 06:18:53'),
(189, 32, 52, '2024-08-16 06:18:53', '2024-08-16 06:18:53'),
(190, 32, 53, '2024-08-16 06:18:53', '2024-08-16 06:18:53'),
(191, 32, 54, '2024-08-16 06:18:53', '2024-08-16 06:18:53'),
(192, 44, 51, '2024-08-16 06:18:53', '2024-08-16 06:18:53'),
(193, 44, 52, '2024-08-16 06:18:53', '2024-08-16 06:18:53'),
(194, 44, 53, '2024-08-16 06:18:53', '2024-08-16 06:18:53'),
(195, 44, 54, '2024-08-16 06:18:53', '2024-08-16 06:18:53'),
(196, 58, 51, '2024-08-16 06:18:53', '2024-08-16 06:18:53'),
(197, 58, 52, '2024-08-16 06:18:53', '2024-08-16 06:18:53'),
(198, 58, 53, '2024-08-16 06:18:53', '2024-08-16 06:18:53'),
(199, 58, 54, '2024-08-16 06:18:53', '2024-08-16 06:18:53'),
(200, 59, 51, '2024-08-16 06:18:53', '2024-08-16 06:18:53'),
(201, 59, 52, '2024-08-16 06:18:53', '2024-08-16 06:18:53'),
(202, 59, 53, '2024-08-16 06:18:53', '2024-08-16 06:18:53'),
(203, 59, 54, '2024-08-16 06:18:53', '2024-08-16 06:18:53'),
(204, 33, 47, '2024-08-16 06:18:53', '2024-08-16 06:18:53'),
(205, 33, 48, '2024-08-16 06:18:53', '2024-08-16 06:18:53'),
(206, 33, 49, '2024-08-16 06:18:53', '2024-08-16 06:18:53'),
(207, 33, 50, '2024-08-16 06:18:53', '2024-08-16 06:18:53'),
(208, 54, 47, '2024-08-16 06:18:53', '2024-08-16 06:18:53'),
(209, 54, 48, '2024-08-16 06:18:53', '2024-08-16 06:18:53'),
(210, 54, 49, '2024-08-16 06:18:53', '2024-08-16 06:18:53'),
(211, 54, 50, '2024-08-16 06:18:53', '2024-08-16 06:18:53'),
(212, 57, 47, '2024-08-16 06:18:53', '2024-08-16 06:18:53'),
(213, 57, 48, '2024-08-16 06:18:53', '2024-08-16 06:18:53'),
(214, 57, 49, '2024-08-16 06:18:53', '2024-08-16 06:18:53'),
(215, 57, 50, '2024-08-16 06:18:53', '2024-08-16 06:18:53'),
(216, 36, 36, '2024-08-16 06:18:53', '2024-08-16 06:18:53'),
(217, 49, 36, '2024-08-16 06:18:53', '2024-08-16 06:18:53'),
(218, 58, 36, '2024-08-16 06:18:53', '2024-08-16 06:18:53'),
(219, 59, 36, '2024-08-16 06:18:53', '2024-08-16 06:18:53'),
(220, 40, 29, '2024-08-16 06:18:53', '2024-08-16 06:18:53'),
(221, 40, 30, '2024-08-16 06:18:53', '2024-08-16 06:18:53'),
(222, 40, 31, '2024-08-16 06:18:53', '2024-08-16 06:18:53'),
(223, 40, 32, '2024-08-16 06:18:53', '2024-08-16 06:18:53'),
(224, 45, 29, '2024-08-16 06:18:53', '2024-08-16 06:18:53'),
(225, 45, 30, '2024-08-16 06:18:53', '2024-08-16 06:18:53'),
(226, 45, 31, '2024-08-16 06:18:53', '2024-08-16 06:18:53'),
(227, 45, 32, '2024-08-16 06:18:53', '2024-08-16 06:18:53'),
(228, 58, 57, '2024-08-16 06:18:53', '2024-08-16 06:18:53'),
(229, 58, 58, '2024-08-16 06:18:53', '2024-08-16 06:18:53'),
(230, 59, 57, '2024-08-16 06:18:53', '2024-08-16 06:18:53'),
(231, 59, 58, '2024-08-16 06:18:53', '2024-08-16 06:18:53');

-- --------------------------------------------------------

--
-- Table structure for table `haris`
--

CREATE TABLE `haris` (
  `id` bigint(20) UNSIGNED NOT NULL,
  `nama_hari` varchar(255) NOT NULL,
  `created_at` timestamp NULL DEFAULT NULL,
  `updated_at` timestamp NULL DEFAULT NULL
) ENGINE=InnoDB DEFAULT CHARSET=utf8mb4 COLLATE=utf8mb4_unicode_ci;

--
-- Dumping data for table `haris`
--

INSERT INTO `haris` (`id`, `nama_hari`, `created_at`, `updated_at`) VALUES
(1, 'Senin', '2024-08-16 06:18:53', '2024-08-16 06:18:53'),
(2, 'Selasa', '2024-08-16 06:18:53', '2024-08-16 06:18:53'),
(3, 'Rabu', '2024-08-16 06:18:53', '2024-08-16 06:18:53'),
(4, 'Kamis', '2024-08-16 06:18:53', '2024-08-16 06:18:53'),
(5, 'Jumat', '2024-08-16 06:18:53', '2024-08-16 06:18:53');

-- --------------------------------------------------------

--
-- Table structure for table `jadwals`
--

CREATE TABLE `jadwals` (
  `id` bigint(20) UNSIGNED NOT NULL,
  `hari_id` bigint(20) UNSIGNED NOT NULL,
  `jam_id` bigint(20) UNSIGNED NOT NULL,
  `pengampu_id` bigint(20) UNSIGNED NOT NULL,
  `kelas_id` bigint(20) UNSIGNED NOT NULL,
  `waktu_mulai` time DEFAULT NULL,
  `waktu_selesai` time DEFAULT NULL,
  `created_at` timestamp NULL DEFAULT NULL,
  `updated_at` timestamp NULL DEFAULT NULL
) ENGINE=InnoDB DEFAULT CHARSET=utf8mb4 COLLATE=utf8mb4_unicode_ci;

-- --------------------------------------------------------

--
-- Table structure for table `jams`
--

CREATE TABLE `jams` (
  `id` bigint(20) UNSIGNED NOT NULL,
  `jam_awal` varchar(255) DEFAULT NULL,
  `jam_akhir` varchar(255) DEFAULT NULL,
  `created_at` timestamp NULL DEFAULT NULL,
  `updated_at` timestamp NULL DEFAULT NULL
) ENGINE=InnoDB DEFAULT CHARSET=utf8mb4 COLLATE=utf8mb4_unicode_ci;

--
-- Dumping data for table `jams`
--

INSERT INTO `jams` (`id`, `jam_awal`, `jam_akhir`, `created_at`, `updated_at`) VALUES
(1, '07.00', '07:45', '2024-08-16 06:18:53', '2024-08-16 06:18:53'),
(2, '07:45', '08:30', '2024-08-16 06:18:53', '2024-08-16 06:18:53'),
(3, '08:30', '09:15', '2024-08-16 06:18:53', '2024-08-16 06:18:53'),
(4, '09:30', '10:15', '2024-08-16 06:18:53', '2024-08-16 06:18:53'),
(5, '10:15', '11:00', '2024-08-16 06:18:53', '2024-08-16 06:18:53'),
(6, '11:00', '11:45', '2024-08-16 06:18:53', '2024-08-16 06:18:53'),
(7, '12:15', '13:00', '2024-08-16 06:18:53', '2024-08-16 06:18:53'),
(8, '13:00', '13:45', '2024-08-16 06:18:53', '2024-08-16 06:18:53'),
(9, '13:45', '14:30', '2024-08-16 06:18:53', '2024-08-16 06:18:53'),
(10, '14:30', '15:15', '2024-08-16 06:18:53', '2024-08-16 06:18:53');

-- --------------------------------------------------------

--
-- Table structure for table `kelas`
--

CREATE TABLE `kelas` (
  `id` bigint(20) UNSIGNED NOT NULL,
  `nama_kelas` varchar(255) DEFAULT NULL,
  `tingkat` int(11) DEFAULT NULL,
  `jurusan` varchar(255) DEFAULT NULL,
  `created_at` timestamp NULL DEFAULT NULL,
  `updated_at` timestamp NULL DEFAULT NULL
) ENGINE=InnoDB DEFAULT CHARSET=utf8mb4 COLLATE=utf8mb4_unicode_ci;

--
-- Dumping data for table `kelas`
--

INSERT INTO `kelas` (`id`, `nama_kelas`, `tingkat`, `jurusan`, `created_at`, `updated_at`) VALUES
(1, 'X-1', 1, '', '2024-08-16 06:18:53', '2024-08-16 06:18:53'),
(2, 'X-2', 1, '', '2024-08-16 06:18:53', '2024-08-16 06:18:53'),
(3, 'X-3', 1, '', '2024-08-16 06:18:53', '2024-08-16 06:18:53'),
(4, 'X-4', 1, '', '2024-08-16 06:18:53', '2024-08-16 06:18:53'),
(5, 'X-5', 1, '', '2024-08-16 06:18:53', '2024-08-16 06:18:53'),
(6, 'X-6', 1, '', '2024-08-16 06:18:53', '2024-08-16 06:18:53'),
(7, 'X-7', 1, '', '2024-08-16 06:18:53', '2024-08-16 06:18:53'),
(8, 'X-8', 1, '', '2024-08-16 06:18:53', '2024-08-16 06:18:53'),
(9, 'X-9', 1, '', '2024-08-16 06:18:53', '2024-08-16 06:18:53'),
(10, 'X-10', 1, '', '2024-08-16 06:18:53', '2024-08-16 06:18:53'),
(11, 'X-11', 1, '', '2024-08-16 06:18:53', '2024-08-16 06:18:53'),
(12, 'X-12', 1, '', '2024-08-16 06:18:53', '2024-08-16 06:18:53'),
(13, 'XI-1', 2, '', '2024-08-16 06:18:53', '2024-08-16 06:18:53'),
(14, 'XI-2', 2, '', '2024-08-16 06:18:53', '2024-08-16 06:18:53'),
(15, 'XI-3', 2, '', '2024-08-16 06:18:53', '2024-08-16 06:18:53'),
(16, 'XI-4', 2, '', '2024-08-16 06:18:53', '2024-08-16 06:18:53'),
(17, 'XI-5', 2, '', '2024-08-16 06:18:53', '2024-08-16 06:18:53'),
(18, 'XI-6', 2, '', '2024-08-16 06:18:53', '2024-08-16 06:18:53'),
(19, 'XI-7', 2, '', '2024-08-16 06:18:53', '2024-08-16 06:18:53'),
(20, 'XI-8', 2, '', '2024-08-16 06:18:53', '2024-08-16 06:18:53'),
(21, 'XI-9', 2, '', '2024-08-16 06:18:53', '2024-08-16 06:18:53'),
(22, 'XI-10', 2, '', '2024-08-16 06:18:53', '2024-08-16 06:18:53'),
(23, 'XI-11', 2, '', '2024-08-16 06:18:53', '2024-08-16 06:18:53'),
(24, 'XI-12', 2, '', '2024-08-16 06:18:53', '2024-08-16 06:18:53'),
(25, 'XII-MIPA 1', 3, 'MIPA', '2024-08-16 06:18:53', '2024-08-16 06:18:53'),
(26, 'XII-MIPA 2', 3, 'MIPA', '2024-08-16 06:18:53', '2024-08-16 06:18:53'),
(27, 'XII-MIPA 3', 3, 'MIPA', '2024-08-16 06:18:53', '2024-08-16 06:18:53'),
(28, 'XII-MIPA 4', 3, 'MIPA', '2024-08-16 06:18:53', '2024-08-16 06:18:53'),
(29, 'XII-MIPA 5', 3, 'MIPA', '2024-08-16 06:18:53', '2024-08-16 06:18:53'),
(30, 'XII-MIPA 6', 3, 'MIPA', '2024-08-16 06:18:53', '2024-08-16 06:18:53'),
(31, 'XII-MIPA 7', 3, 'MIPA', '2024-08-16 06:18:53', '2024-08-16 06:18:53'),
(32, 'XII-MIPA 8', 3, 'MIPA', '2024-08-16 06:18:53', '2024-08-16 06:18:53'),
(33, 'XII-IPS 1', 3, 'IPS', '2024-08-16 06:18:53', '2024-08-16 06:18:53'),
(34, 'XII-IPS 2', 3, 'IPS', '2024-08-16 06:18:53', '2024-08-16 06:18:53'),
(35, 'XII-IPS 3', 3, 'IPS', '2024-08-16 06:18:53', '2024-08-16 06:18:53'),
(36, 'XII-IPS 4', 3, 'IPS', '2024-08-16 06:18:53', '2024-08-16 06:18:53');

-- --------------------------------------------------------

--
-- Table structure for table `mapels`
--

CREATE TABLE `mapels` (
  `id` bigint(20) UNSIGNED NOT NULL,
  `mata_pelajaran` varchar(255) NOT NULL,
  `jp` int(11) NOT NULL,
  `tingkat` int(11) DEFAULT NULL,
  `jurusan` varchar(255) DEFAULT NULL,
  `created_at` timestamp NULL DEFAULT NULL,
  `updated_at` timestamp NULL DEFAULT NULL
) ENGINE=InnoDB DEFAULT CHARSET=utf8mb4 COLLATE=utf8mb4_unicode_ci;

--
-- Dumping data for table `mapels`
--

INSERT INTO `mapels` (`id`, `mata_pelajaran`, `jp`, `tingkat`, `jurusan`, `created_at`, `updated_at`) VALUES
(1, 'PA dan BP', 3, NULL, NULL, '2024-08-16 06:18:53', '2024-08-16 06:18:53'),
(2, 'PA dan BP P5', 1, 1, NULL, '2024-08-16 06:18:53', '2024-08-16 06:18:53'),
(3, 'PA dan BP P5', 1, 2, NULL, '2024-08-16 06:18:53', '2024-08-16 06:18:53'),
(4, 'Pend. Pancasila/PPKn', 2, NULL, NULL, '2024-08-16 06:18:53', '2024-08-16 06:18:53'),
(5, 'Pend. Pancasila/PPKn P5', 1, 1, NULL, '2024-08-16 06:18:53', '2024-08-16 06:18:53'),
(6, 'Pend. Pancasila/PPKn P5', 1, 2, NULL, '2024-08-16 06:18:53', '2024-08-16 06:18:53'),
(7, 'Bahasa Indonesia (Umum)', 4, NULL, NULL, '2024-08-16 06:18:53', '2024-08-16 06:18:53'),
(8, 'Bahasa Indonesia (Umum) P5', 1, 1, NULL, '2024-08-16 06:18:53', '2024-08-16 06:18:53'),
(9, 'Bahasa Indonesia (Umum) P5', 1, 2, NULL, '2024-08-16 06:18:53', '2024-08-16 06:18:53'),
(10, 'Bahasa Indonesia Tingkat Lanjut', 4, 2, NULL, '2024-08-16 06:18:53', '2024-08-16 06:18:53'),
(11, 'Bahasa Indonesia Tingkat Lanjut P5', 1, 2, NULL, '2024-08-16 06:18:53', '2024-08-16 06:18:53'),
(12, 'Bahasa dan Sastra Indonesia (LM)', 4, 3, 'MIPA', '2024-08-16 06:18:53', '2024-08-16 06:18:53'),
(13, 'Matematika (Umum)', 4, NULL, NULL, '2024-08-16 06:18:53', '2024-08-16 06:18:53'),
(14, 'Matematika (Umum) P5', 4, 1, NULL, '2024-08-16 06:18:53', '2024-08-16 06:18:53'),`
(15, 'Matematika Peminatan', 4, 3, 'MIPA', '2024-08-16 06:18:53', '2024-08-16 06:18:53'),
(16, 'Matematika Tingkat Lanjut', 5, 2, NULL, '2024-08-16 06:18:53', '2024-08-16 06:18:53'),
(17, 'Matematika Tingkat Lanjut P5', 1, 2, NULL, '2024-08-16 06:18:53', '2024-08-16 06:18:53'),
(18, 'Bahasa Inggris Umum', 3, NULL, NULL, '2024-08-16 06:18:53', '2024-08-16 06:18:53'),
(19, 'Bahasa Inggris Tingkat Lanjut', 5, 2, NULL, '2024-08-16 06:18:53', '2024-08-16 06:18:53'),
(20, 'Bahasa dan Sastra Inggris (LM)', 4, 3, 'IPS', '2024-08-16 06:18:53', '2024-08-16 06:18:53'),
(21, 'Sejarah Indonesia (Umum)', 3, NULL, NULL, '2024-08-16 06:18:53', '2024-08-16 06:18:53'),
(22, 'Sejarah Indonesia (Umum) P5', 1, 1, NULL, '2024-08-16 06:18:53', '2024-08-16 06:18:53'),
(23, 'Sejarah Peminatan', 4, 3, 'IPS', '2024-08-16 06:18:53', '2024-08-16 06:18:53'),
(24, 'Sejarah Tingkat Lanjut', 5, 2, NULL, '2024-08-16 06:18:53', '2024-08-16 06:18:53'),
(25, 'Seni (Musik, Rupa, Teater, Tari)', 1, 1, NULL, '2024-08-16 06:18:53', '2024-08-16 06:18:53'),
(26, 'Seni (Musik, Rupa, Teater, Tari) P5', 1, 1, NULL, '2024-08-16 06:18:53', '2024-08-16 06:18:53'),
(27, 'Seni dan Budaya (Musik, Rupa, Teater, Tari)', 2, 2, NULL, '2024-08-16 06:18:53', '2024-08-16 06:18:53'),
(28, 'Seni Budaya', 2, 2, NULL, '2024-08-16 06:18:53', '2024-08-16 06:18:53'),
(29, 'Prakarya (Budi Daya)', 1, 1, NULL, '2024-08-16 06:18:53', '2024-08-16 06:18:53'),
(30, 'Prakarya (Budi Daya) P5', 1, 1, NULL, '2024-08-16 06:18:53', '2024-08-16 06:18:53'),
(31, 'Prakarya dan Kewirausahaan', 2, 2, NULL, '2024-08-16 06:18:53', '2024-08-16 06:18:53'),
(32, 'Prakarya dan Kewirausahaan', 2, 3, NULL, '2024-08-16 06:18:53', '2024-08-16 06:18:53'),
(33, 'Pendidikan Jasmani dan Olahraga Kesehatan', 3, NULL, NULL, '2024-08-16 06:18:53', '2024-08-16 06:18:53'),
(34, 'Pendidikan Jasmani dan Olahraga Kesehatan P5', 1, 1, NULL, '2024-08-16 06:18:53', '2024-08-16 06:18:53'),
(35, 'Pendidikan Jasmani dan Olahraga Kesehatan P5', 1, 2, NULL, '2024-08-16 06:18:53', '2024-08-16 06:18:53'),
(36, 'Muatan Lokal (Bahasa Sunda)', 2, NULL, NULL, '2024-08-16 06:18:53', '2024-08-16 06:18:53'),
(37, 'Fisika', 3, 1, NULL, '2024-08-16 06:18:53', '2024-08-16 06:18:53'),
(38, 'Fisika', 4, 3, 'MIPA', '2024-08-16 06:18:53', '2024-08-16 06:18:53'),
(39, 'Fisika (Pilihan Mapel)', 5, 2, NULL, '2024-08-16 06:18:53', '2024-08-16 06:18:53'),
(40, 'Kimia', 3, 1, NULL, '2024-08-16 06:18:53', '2024-08-16 06:18:53'),
(41, 'Kimia', 4, 3, 'MIPA', '2024-08-16 06:18:53', '2024-08-16 06:18:53'),
(42, 'Kimia (Pilihan Mapel)', 5, 2, NULL, '2024-08-16 06:18:53', '2024-08-16 06:18:53'),
(43, 'Biologi', 3, 1, NULL, '2024-08-16 06:18:53', '2024-08-16 06:18:53'),
(44, 'Biologi', 4, 3, 'MIPA', '2024-08-16 06:18:53', '2024-08-16 06:18:53'),
(45, 'Biologi (Pilihan Mapel)', 5, 2, NULL, '2024-08-16 06:18:53', '2024-08-16 06:18:53'),
(46, 'Biologi (LM)', 4, 3, 'IPS', '2024-08-16 06:18:53', '2024-08-16 06:18:53'),
(47, 'Geografi', 3, 1, NULL, '2024-08-16 06:18:53', '2024-08-16 06:18:53'),
(48, 'Geografi', 4, 3, 'IPS', '2024-08-16 06:18:53', '2024-08-16 06:18:53'),
(49, 'Geografi (Pilihan Mapel)', 5, 2, NULL, '2024-08-16 06:18:53', '2024-08-16 06:18:53'),
(50, 'Geografi (LM)', 4, 3, 'MIPA', '2024-08-16 06:18:53', '2024-08-16 06:18:53'),
(51, 'Sosiologi', 3, 1, NULL, '2024-08-16 06:18:53', '2024-08-16 06:18:53'),
(52, 'Sosiologi', 4, 3, 'IPS', '2024-08-16 06:18:53', '2024-08-16 06:18:53'),
(53, 'Sosiologi (Pilihan Mapel)', 5, 2, NULL, '2024-08-16 06:18:53', '2024-08-16 06:18:53'),
(54, 'Sosiologi (LM)', 4, 3, 'MIPA', '2024-08-16 06:18:53', '2024-08-16 06:18:53'),
(55, 'Ekonomi', 4, 3, 'IPS', '2024-08-16 06:18:53', '2024-08-16 06:18:53'),
(56, 'Ekonomi , 3, 1, NULL, '2024-08-16 06:18:53', '2024-08-16 06:18:53'),
(57, 'Ekonomi (Pilihan Mapel)', 5, 2, NULL, '2024-08-16 06:18:53', '2024-08-16 06:18:53'),
(58, 'Ekonomi (LM)', 4, 3, 'MIPA','2024-08-16 06:18:53', '2024-08-16 06:18:53'),
(59, 'Informatika', 3, 1, NULL, '2024-08-16 06:18:53', '2024-08-16 06:18:53'),
(60, 'Informatika', 5, 2, NULL, '2024-08-16 06:18:53', '2024-08-16 06:18:53');

-- --------------------------------------------------------

--
-- Table structure for table `migrations`
--

CREATE TABLE `migrations` (
  `id` int(10) UNSIGNED NOT NULL,
  `migration` varchar(255) NOT NULL,
  `batch` int(11) NOT NULL
) ENGINE=InnoDB DEFAULT CHARSET=utf8mb4 COLLATE=utf8mb4_unicode_ci;

--
-- Dumping data for table `migrations`
--

INSERT INTO `migrations` (`id`, `migration`, `batch`) VALUES
(1, '2014_10_12_000000_create_users_table', 1),
(2, '2014_10_12_100000_create_password_reset_tokens_table', 1),
(3, '2019_08_19_000000_create_failed_jobs_table', 1),
(4, '2019_12_14_000001_create_personal_access_tokens_table', 1),
(5, '2024_06_26_103058_create_permission_tables', 1),
(6, '2024_06_26_140927_add_column_deleted_at_in_users_table', 1),
(7, '2024_06_30_063802_create_mapels_table', 1),
(8, '2024_06_30_082031_create_gurus_table', 1),
(9, '2024_07_09_130052_create_guru_mata_pelajaran_table', 1),
(10, '2024_07_14_145424_create_haris_table', 1),
(11, '2024_07_14_145518_create_kelas_table', 1),
(12, '2024_07_14_150114_create_jams_table', 1),
(13, '2024_07_14_150921_create_jadwals_table', 1);

-- --------------------------------------------------------

--
-- Table structure for table `model_has_permissions`
--

CREATE TABLE `model_has_permissions` (
  `permission_id` bigint(20) UNSIGNED NOT NULL,
  `model_type` varchar(255) NOT NULL,
  `model_id` bigint(20) UNSIGNED NOT NULL
) ENGINE=InnoDB DEFAULT CHARSET=utf8mb4 COLLATE=utf8mb4_unicode_ci;

-- --------------------------------------------------------

--
-- Table structure for table `model_has_roles`
--

CREATE TABLE `model_has_roles` (
  `role_id` bigint(20) UNSIGNED NOT NULL,
  `model_type` varchar(255) NOT NULL,
  `model_id` bigint(20) UNSIGNED NOT NULL
) ENGINE=InnoDB DEFAULT CHARSET=utf8mb4 COLLATE=utf8mb4_unicode_ci;

--
-- Dumping data for table `model_has_roles`
--

INSERT INTO `model_has_roles` (`role_id`, `model_type`, `model_id`) VALUES
(1, 'App\\Models\\User', 1);

-- --------------------------------------------------------

--
-- Table structure for table `password_reset_tokens`
--

CREATE TABLE `password_reset_tokens` (
  `email` varchar(255) NOT NULL,
  `token` varchar(255) NOT NULL,
  `created_at` timestamp NULL DEFAULT NULL
) ENGINE=InnoDB DEFAULT CHARSET=utf8mb4 COLLATE=utf8mb4_unicode_ci;

-- --------------------------------------------------------

--
-- Table structure for table `permissions`
--

CREATE TABLE `permissions` (
  `id` bigint(20) UNSIGNED NOT NULL,
  `name` varchar(255) NOT NULL,
  `guard_name` varchar(255) NOT NULL,
  `created_at` timestamp NULL DEFAULT NULL,
  `updated_at` timestamp NULL DEFAULT NULL
) ENGINE=InnoDB DEFAULT CHARSET=utf8mb4 COLLATE=utf8mb4_unicode_ci;

--
-- Dumping data for table `permissions`
--

INSERT INTO `permissions` (`id`, `name`, `guard_name`, `created_at`, `updated_at`) VALUES
(1, 'view_dashboard', 'web', '2024-08-16 06:18:52', '2024-08-16 06:18:52');

-- --------------------------------------------------------

--
-- Table structure for table `personal_access_tokens`
--

CREATE TABLE `personal_access_tokens` (
  `id` bigint(20) UNSIGNED NOT NULL,
  `tokenable_type` varchar(255) NOT NULL,
  `tokenable_id` bigint(20) UNSIGNED NOT NULL,
  `name` varchar(255) NOT NULL,
  `token` varchar(64) NOT NULL,
  `abilities` text DEFAULT NULL,
  `last_used_at` timestamp NULL DEFAULT NULL,
  `expires_at` timestamp NULL DEFAULT NULL,
  `created_at` timestamp NULL DEFAULT NULL,
  `updated_at` timestamp NULL DEFAULT NULL
) ENGINE=InnoDB DEFAULT CHARSET=utf8mb4 COLLATE=utf8mb4_unicode_ci;

-- --------------------------------------------------------

--
-- Table structure for table `roles`
--

CREATE TABLE `roles` (
  `id` bigint(20) UNSIGNED NOT NULL,
  `name` varchar(255) NOT NULL,
  `guard_name` varchar(255) NOT NULL,
  `created_at` timestamp NULL DEFAULT NULL,
  `updated_at` timestamp NULL DEFAULT NULL
) ENGINE=InnoDB DEFAULT CHARSET=utf8mb4 COLLATE=utf8mb4_unicode_ci;

--
-- Dumping data for table `roles`
--

INSERT INTO `roles` (`id`, `name`, `guard_name`, `created_at`, `updated_at`) VALUES
(1, 'admin', 'web', '2024-08-16 06:18:52', '2024-08-16 06:18:52');

-- --------------------------------------------------------

--
-- Table structure for table `role_has_permissions`
--

CREATE TABLE `role_has_permissions` (
  `permission_id` bigint(20) UNSIGNED NOT NULL,
  `role_id` bigint(20) UNSIGNED NOT NULL
) ENGINE=InnoDB DEFAULT CHARSET=utf8mb4 COLLATE=utf8mb4_unicode_ci;

--
-- Dumping data for table `role_has_permissions`
--

INSERT INTO `role_has_permissions` (`permission_id`, `role_id`) VALUES
(1, 1);

-- --------------------------------------------------------

--
-- Table structure for table `users`
--

CREATE TABLE `users` (
  `id` bigint(20) UNSIGNED NOT NULL,
  `name` varchar(255) NOT NULL,
  `email` varchar(255) NOT NULL,
  `email_verified_at` timestamp NULL DEFAULT NULL,
  `password` varchar(255) NOT NULL,
  `remember_token` varchar(100) DEFAULT NULL,
  `created_at` timestamp NULL DEFAULT NULL,
  `updated_at` timestamp NULL DEFAULT NULL,
  `deleted_at` datetime DEFAULT NULL
) ENGINE=InnoDB DEFAULT CHARSET=utf8mb4 COLLATE=utf8mb4_unicode_ci;

--
-- Dumping data for table `users`
--

INSERT INTO `users` (`id`, `name`, `email`, `email_verified_at`, `password`, `remember_token`, `created_at`, `updated_at`, `deleted_at`) VALUES
(1, 'Admin', 'admin@gmail.com', NULL, '$2y$12$cU2H72DBBYjoF8V7EP4FDu.BFf2azMUG41EN1Eh4jZ6nuU0iF21FS', NULL, '2024-08-16 06:18:52', '2024-08-16 06:18:52', NULL);

--
-- Indexes for dumped tables
--

--
-- Indexes for table `failed_jobs`
--
ALTER TABLE `failed_jobs`
  ADD PRIMARY KEY (`id`),
  ADD UNIQUE KEY `failed_jobs_uuid_unique` (`uuid`);

--
-- Indexes for table `gurus`
--
ALTER TABLE `gurus`
  ADD PRIMARY KEY (`id`);

--
-- Indexes for table `guru_mata_pelajaran`
--
ALTER TABLE `guru_mata_pelajaran`
  ADD PRIMARY KEY (`id`),
  ADD KEY `guru_mata_pelajaran_guru_id_foreign` (`guru_id`),
  ADD KEY `guru_mata_pelajaran_mapel_id_foreign` (`mapel_id`);

--
-- Indexes for table `haris`
--
ALTER TABLE `haris`
  ADD PRIMARY KEY (`id`);

--
-- Indexes for table `jadwals`
--
ALTER TABLE `jadwals`
  ADD PRIMARY KEY (`id`),
  ADD KEY `jadwals_hari_id_foreign` (`hari_id`),
  ADD KEY `jadwals_jam_id_foreign` (`jam_id`),
  ADD KEY `jadwals_pengampu_id_foreign` (`pengampu_id`),
  ADD KEY `jadwals_kelas_id_foreign` (`kelas_id`);

--
-- Indexes for table `jams`
--
ALTER TABLE `jams`
  ADD PRIMARY KEY (`id`);

--
-- Indexes for table `kelas`
--
ALTER TABLE `kelas`
  ADD PRIMARY KEY (`id`);

--
-- Indexes for table `mapels`
--
ALTER TABLE `mapels`
  ADD PRIMARY KEY (`id`);

--
-- Indexes for table `migrations`
--
ALTER TABLE `migrations`
  ADD PRIMARY KEY (`id`);

--
-- Indexes for table `model_has_permissions`
--
ALTER TABLE `model_has_permissions`
  ADD PRIMARY KEY (`permission_id`,`model_id`,`model_type`),
  ADD KEY `model_has_permissions_model_id_model_type_index` (`model_id`,`model_type`);

--
-- Indexes for table `model_has_roles`
--
ALTER TABLE `model_has_roles`
  ADD PRIMARY KEY (`role_id`,`model_id`,`model_type`),
  ADD KEY `model_has_roles_model_id_model_type_index` (`model_id`,`model_type`);

--
-- Indexes for table `password_reset_tokens`
--
ALTER TABLE `password_reset_tokens`
  ADD PRIMARY KEY (`email`);

--
-- Indexes for table `permissions`
--
ALTER TABLE `permissions`
  ADD PRIMARY KEY (`id`),
  ADD UNIQUE KEY `permissions_name_guard_name_unique` (`name`,`guard_name`);

--
-- Indexes for table `personal_access_tokens`
--
ALTER TABLE `personal_access_tokens`
  ADD PRIMARY KEY (`id`),
  ADD UNIQUE KEY `personal_access_tokens_token_unique` (`token`),
  ADD KEY `personal_access_tokens_tokenable_type_tokenable_id_index` (`tokenable_type`,`tokenable_id`);

--
-- Indexes for table `roles`
--
ALTER TABLE `roles`
  ADD PRIMARY KEY (`id`),
  ADD UNIQUE KEY `roles_name_guard_name_unique` (`name`,`guard_name`);

--
-- Indexes for table `role_has_permissions`
--
ALTER TABLE `role_has_permissions`
  ADD PRIMARY KEY (`permission_id`,`role_id`),
  ADD KEY `role_has_permissions_role_id_foreign` (`role_id`);

--
-- Indexes for table `users`
--
ALTER TABLE `users`
  ADD PRIMARY KEY (`id`),
  ADD UNIQUE KEY `users_email_unique` (`email`);

--
-- AUTO_INCREMENT for dumped tables
--

--
-- AUTO_INCREMENT for table `failed_jobs`
--
ALTER TABLE `failed_jobs`
  MODIFY `id` bigint(20) UNSIGNED NOT NULL AUTO_INCREMENT;

--
-- AUTO_INCREMENT for table `gurus`
--
ALTER TABLE `gurus`
  MODIFY `id` bigint(20) UNSIGNED NOT NULL AUTO_INCREMENT, AUTO_INCREMENT=66;

--
-- AUTO_INCREMENT for table `guru_mata_pelajaran`
--
ALTER TABLE `guru_mata_pelajaran`
  MODIFY `id` bigint(20) UNSIGNED NOT NULL AUTO_INCREMENT, AUTO_INCREMENT=232;

--
-- AUTO_INCREMENT for table `haris`
--
ALTER TABLE `haris`
  MODIFY `id` bigint(20) UNSIGNED NOT NULL AUTO_INCREMENT, AUTO_INCREMENT=6;

--
-- AUTO_INCREMENT for table `jadwals`
--
ALTER TABLE `jadwals`
  MODIFY `id` bigint(20) UNSIGNED NOT NULL AUTO_INCREMENT;

--
-- AUTO_INCREMENT for table `jams`
--
ALTER TABLE `jams`
  MODIFY `id` bigint(20) UNSIGNED NOT NULL AUTO_INCREMENT, AUTO_INCREMENT=11;

--
-- AUTO_INCREMENT for table `kelas`
--
ALTER TABLE `kelas`
  MODIFY `id` bigint(20) UNSIGNED NOT NULL AUTO_INCREMENT, AUTO_INCREMENT=37;

--
-- AUTO_INCREMENT for table `mapels`
--
ALTER TABLE `mapels`
  MODIFY `id` bigint(20) UNSIGNED NOT NULL AUTO_INCREMENT, AUTO_INCREMENT=59;

--
-- AUTO_INCREMENT for table `migrations`
--
ALTER TABLE `migrations`
  MODIFY `id` int(10) UNSIGNED NOT NULL AUTO_INCREMENT, AUTO_INCREMENT=14;

--
-- AUTO_INCREMENT for table `permissions`
--
ALTER TABLE `permissions`
  MODIFY `id` bigint(20) UNSIGNED NOT NULL AUTO_INCREMENT, AUTO_INCREMENT=2;

--
-- AUTO_INCREMENT for table `personal_access_tokens`
--
ALTER TABLE `personal_access_tokens`
  MODIFY `id` bigint(20) UNSIGNED NOT NULL AUTO_INCREMENT;

--
-- AUTO_INCREMENT for table `roles`
--
ALTER TABLE `roles`
  MODIFY `id` bigint(20) UNSIGNED NOT NULL AUTO_INCREMENT, AUTO_INCREMENT=2;

--
-- AUTO_INCREMENT for table `users`
--
ALTER TABLE `users`
  MODIFY `id` bigint(20) UNSIGNED NOT NULL AUTO_INCREMENT, AUTO_INCREMENT=2;

--
-- Constraints for dumped tables
--

--
-- Constraints for table `guru_mata_pelajaran`
--
ALTER TABLE `guru_mata_pelajaran`
  ADD CONSTRAINT `guru_mata_pelajaran_guru_id_foreign` FOREIGN KEY (`guru_id`) REFERENCES `gurus` (`id`) ON DELETE CASCADE,
  ADD CONSTRAINT `guru_mata_pelajaran_mapel_id_foreign` FOREIGN KEY (`mapel_id`) REFERENCES `mapels` (`id`) ON DELETE CASCADE;

--
-- Constraints for table `jadwals`
--
ALTER TABLE `jadwals`
  ADD CONSTRAINT `jadwals_hari_id_foreign` FOREIGN KEY (`hari_id`) REFERENCES `haris` (`id`) ON DELETE CASCADE,
  ADD CONSTRAINT `jadwals_jam_id_foreign` FOREIGN KEY (`jam_id`) REFERENCES `jams` (`id`) ON DELETE CASCADE,
  ADD CONSTRAINT `jadwals_kelas_id_foreign` FOREIGN KEY (`kelas_id`) REFERENCES `kelas` (`id`) ON DELETE CASCADE,
  ADD CONSTRAINT `jadwals_pengampu_id_foreign` FOREIGN KEY (`pengampu_id`) REFERENCES `guru_mata_pelajaran` (`id`) ON DELETE CASCADE;

--
-- Constraints for table `model_has_permissions`
--
ALTER TABLE `model_has_permissions`
  ADD CONSTRAINT `model_has_permissions_permission_id_foreign` FOREIGN KEY (`permission_id`) REFERENCES `permissions` (`id`) ON DELETE CASCADE;

--
-- Constraints for table `model_has_roles`
--
ALTER TABLE `model_has_roles`
  ADD CONSTRAINT `model_has_roles_role_id_foreign` FOREIGN KEY (`role_id`) REFERENCES `roles` (`id`) ON DELETE CASCADE;

--
-- Constraints for table `role_has_permissions`
--
ALTER TABLE `role_has_permissions`
  ADD CONSTRAINT `role_has_permissions_permission_id_foreign` FOREIGN KEY (`permission_id`) REFERENCES `permissions` (`id`) ON DELETE CASCADE,
  ADD CONSTRAINT `role_has_permissions_role_id_foreign` FOREIGN KEY (`role_id`) REFERENCES `roles` (`id`) ON DELETE CASCADE;
COMMIT;

/*!40101 SET CHARACTER_SET_CLIENT=@OLD_CHARACTER_SET_CLIENT */;
/*!40101 SET CHARACTER_SET_RESULTS=@OLD_CHARACTER_SET_RESULTS */;
/*!40101 SET COLLATION_CONNECTION=@OLD_COLLATION_CONNECTION */;
