-- --------------------------------------------------------
-- Host:                         localhost
-- Server version:               8.0.30 - MySQL Community Server - GPL
-- Server OS:                    Win64
-- HeidiSQL Version:             12.1.0.6537
-- --------------------------------------------------------

/*!40101 SET @OLD_CHARACTER_SET_CLIENT=@@CHARACTER_SET_CLIENT */;
/*!40101 SET NAMES utf8 */;
/*!50503 SET NAMES utf8mb4 */;
/*!40103 SET @OLD_TIME_ZONE=@@TIME_ZONE */;
/*!40103 SET TIME_ZONE='+00:00' */;
/*!40014 SET @OLD_FOREIGN_KEY_CHECKS=@@FOREIGN_KEY_CHECKS, FOREIGN_KEY_CHECKS=0 */;
/*!40101 SET @OLD_SQL_MODE=@@SQL_MODE, SQL_MODE='NO_AUTO_VALUE_ON_ZERO' */;
/*!40111 SET @OLD_SQL_NOTES=@@SQL_NOTES, SQL_NOTES=0 */;


-- Dumping database structure for lara-jadwalmapel
CREATE DATABASE IF NOT EXISTS `lara-jadwalmapel` /*!40100 DEFAULT CHARACTER SET utf32 COLLATE utf32_unicode_ci */ /*!80016 DEFAULT ENCRYPTION='N' */;
USE `lara-jadwalmapel`;

-- Dumping structure for table lara-jadwalmapel.failed_jobs
CREATE TABLE IF NOT EXISTS `failed_jobs` (
  `id` bigint unsigned NOT NULL,
  `uuid` varchar(255) COLLATE utf8mb4_unicode_ci NOT NULL,
  `connection` text COLLATE utf8mb4_unicode_ci NOT NULL,
  `queue` text COLLATE utf8mb4_unicode_ci NOT NULL,
  `payload` longtext COLLATE utf8mb4_unicode_ci NOT NULL,
  `exception` longtext COLLATE utf8mb4_unicode_ci NOT NULL,
  `failed_at` timestamp NOT NULL DEFAULT CURRENT_TIMESTAMP
) ENGINE=InnoDB DEFAULT CHARSET=utf8mb4 COLLATE=utf8mb4_unicode_ci;

-- Dumping data for table lara-jadwalmapel.failed_jobs: ~0 rows (approximately)

-- Dumping structure for table lara-jadwalmapel.gurus
CREATE TABLE IF NOT EXISTS `gurus` (
  `id` bigint unsigned NOT NULL,
  `no_duk` int NOT NULL,
  `nama_guru` varchar(255) COLLATE utf8mb4_unicode_ci NOT NULL,
  `beban_mengajar` double(8,2) NOT NULL,
  `created_at` timestamp NULL DEFAULT NULL,
  `updated_at` timestamp NULL DEFAULT NULL
) ENGINE=InnoDB DEFAULT CHARSET=utf8mb4 COLLATE=utf8mb4_unicode_ci;

-- Dumping data for table lara-jadwalmapel.gurus: ~65 rows (approximately)
REPLACE INTO `gurus` (`id`, `no_duk`, `nama_guru`, `beban_mengajar`, `created_at`, `updated_at`) VALUES
	(1, 1, 'Hj. Pupu Puspitasari, S.Pd, M.Pd', 24.00, '2024-08-16 06:18:52', '2024-08-16 06:18:52'),
	(2, 2, 'Hj. Epi Sopiah, S.Pd, M.Pd', 32.00, '2024-08-16 06:18:52', '2024-08-16 06:18:52'),
	(3, 3, 'H. Dudung, S.Pd, M.Pd', 28.00, '2024-08-16 06:18:52', '2024-08-16 06:18:52'),
	(4, 4, 'H. Dede Iryanto, S.Pd., M.Pd.', 37.00, '2024-08-16 06:18:52', '2024-08-16 06:18:52'),
	(5, 5, 'Hj. Lina Rosalina, S.Pd', 24.00, '2024-08-16 06:18:52', '2024-08-16 06:18:52'),
	(6, 6, 'Dra. Hj. Niknok Enok Nuraeni, M.Pd', 28.00, '2024-08-16 06:18:52', '2024-08-16 06:18:52'),
	(7, 7, 'Ida Rosmawati, S.Pd, M.M', 28.00, '2024-08-16 06:18:52', '2024-08-16 06:18:52'),
	(8, 8, 'Dra. Hj. Lela Nurlaila, M.Pd', 32.00, '2024-08-16 06:18:52', '2024-08-16 06:18:52'),
	(9, 9, 'Drs.H. Aleh Soleh', 32.00, '2024-08-16 06:18:52', '2024-08-16 06:18:52'),
	(10, 10, 'Dra. Diayuna', 40.00, '2024-08-16 06:18:52', '2024-08-16 06:18:52'),
	(11, 11, 'H. Endang Solih, S.Pd, M.Pd', 24.00, '2024-08-16 06:18:52', '2024-08-16 06:18:52'),
	(12, 12, 'Hj.Rina Damayanti, S.Pd', 30.00, '2024-08-16 06:18:52', '2024-08-16 06:18:52'),
	(13, 13, 'Dr. Ida Farida Ningrum, M.Pd', 18.00, '2024-08-16 06:18:52', '2024-08-16 06:18:52'),
	(14, 14, 'Ai Tintin S., S.Pd', 32.00, '2024-08-16 06:18:52', '2024-08-16 06:18:52'),
	(15, 15, 'Dida Rupaida, S.Pd', 24.00, '2024-08-16 06:18:52', '2024-08-16 06:18:52'),
	(16, 16, 'Dra. Olis, MM', 24.00, '2024-08-16 06:18:52', '2024-08-16 06:18:52'),
	(17, 17, 'Mohamad Arif Hasan, S.Pd, M.Pd', 24.00, '2024-08-16 06:18:52', '2024-08-16 06:18:52'),
	(18, 18, 'Asep Yadi Supriyadi, S.Pd, M.M', 24.00, '2024-08-16 06:18:52', '2024-08-16 06:18:52'),
	(19, 19, 'Elin Rianah, S.Pd, M.M', 40.00, '2024-08-16 06:18:52', '2024-08-16 06:18:52'),
	(20, 20, 'H.Apep Zenal Mustofa, M.Pd', 40.00, '2024-08-16 06:18:52', '2024-08-16 06:18:52'),
	(21, 21, 'Hj. Sri Rahayu, S.Ag, M.Pd', 24.00, '2024-08-16 06:18:52', '2024-08-16 06:18:52'),
	(22, 22, 'Kokon Sukron, S.Pd', 32.00, '2024-08-16 06:18:52', '2024-08-16 06:18:52'),
	(23, 23, 'H.Tomi Bustomi, S.Pd', 32.00, '2024-08-16 06:18:52', '2024-08-16 06:18:52'),
	(24, 24, 'Dian Nurhaeni, S.Pd', 24.00, '2024-08-16 06:18:52', '2024-08-16 06:18:52'),
	(25, 25, 'Umaran RA, S.Pd', 36.00, '2024-08-16 06:18:52', '2024-08-16 06:18:52'),
	(26, 26, 'Hj. Eneng Purwanti, S.Si, M.Pd', 28.00, '2024-08-16 06:18:52', '2024-08-16 06:18:52'),
	(27, 27, 'Euis Ina Nurdiana, S.Pd. M.Pd', 28.00, '2024-08-16 06:18:52', '2024-08-16 06:18:52'),
	(28, 28, 'Dr. Agus Ahmad Wakih, M.Sn', 24.00, '2024-08-16 06:18:52', '2024-08-16 06:18:52'),
	(29, 29, 'Deti Rismayati, SP, M.M', 38.00, '2024-08-16 06:18:52', '2024-08-16 06:18:52'),
	(30, 30, 'Neni Nurachman, S.Pd, Si, M.M', 36.00, '2024-08-16 06:18:52', '2024-08-16 06:18:52'),
	(31, 31, 'Didin Mukromin, S.Pd', 28.00, '2024-08-16 06:18:52', '2024-08-16 06:18:52'),
	(32, 32, 'Tri Ady Indrawan, S.Pd.', 31.00, '2024-08-16 06:18:52', '2024-08-16 06:18:52'),
	(33, 33, 'Hj.Ai Titin, S.Pd, M.Pd', 31.00, '2024-08-16 06:18:52', '2024-08-16 06:18:52'),
	(34, 34, 'Hj.Dewi Suryaningsih, S.Pd', 30.00, '2024-08-16 06:18:52', '2024-08-16 06:18:52'),
	(35, 35, 'Hj.Ade Erni, S.Ag, M.Si', 24.00, '2024-08-16 06:18:52', '2024-08-16 06:18:52'),
	(36, 36, 'Ade Risna Suhendi, S.Pd, M.Pd', 30.00, '2024-08-16 06:18:52', '2024-08-16 06:18:52'),
	(37, 37, 'Fuji Rianti, M.Pd.', 32.00, '2024-08-16 06:18:52', '2024-08-16 06:18:52'),
	(38, 38, 'Oon Noviani, S.Pd', 30.00, '2024-08-16 06:18:53', '2024-08-16 06:18:53'),
	(39, 39, 'Muslimat Nurul Fitri, S.Pd.', 40.00, '2024-08-16 06:18:53', '2024-08-16 06:18:53'),
	(40, 40, 'Barkah Agus Salam, S.Pd', 34.00, '2024-08-16 06:18:53', '2024-08-16 06:18:53'),
	(41, 41, 'Anggi Dwi Ramdani, S.Pd', 36.00, '2024-08-16 06:18:53', '2024-08-16 06:18:53'),
	(42, 42, 'Dinda Siti Saodah, S.Pd', 30.00, '2024-08-16 06:18:53', '2024-08-16 06:18:53'),
	(43, 43, 'Deni Kurniawan, S.Pd', 30.00, '2024-08-16 06:18:53', '2024-08-16 06:18:53'),
	(44, 44, 'Nurjamil, S.Sos.', 29.00, '2024-08-16 06:18:53', '2024-08-16 06:18:53'),
	(45, 45, 'Suci Inayati, S.Pd.', 30.00, '2024-08-16 06:18:53', '2024-08-16 06:18:53'),
	(46, 46, 'R. Gunggung Firmansyah, S.Pd', 24.00, '2024-08-16 06:18:53', '2024-08-16 06:18:53'),
	(47, 47, 'Ima Nurmayatin, S.Pd.I,M.Pd.I', 24.00, '2024-08-16 06:18:53', '2024-08-16 06:18:53'),
	(48, 48, 'Tantan Munawar, S.Pd', 36.00, '2024-08-16 06:18:53', '2024-08-16 06:18:53'),
	(49, 49, 'Yusi Ayu Martiyan, S.Pd', 30.00, '2024-08-16 06:18:53', '2024-08-16 06:18:53'),
	(50, 50, 'Rina Anggraeni, S.Pd, M.Pd.', 32.00, '2024-08-16 06:18:53', '2024-08-16 06:18:53'),
	(51, 51, 'Shinta Fitriani, S.Pd', 26.00, '2024-08-16 06:18:53', '2024-08-16 06:18:53'),
	(52, 52, 'Salis Nelul Janah, S.Pd.', 38.00, '2024-08-16 06:18:53', '2024-08-16 06:18:53'),
	(53, 53, 'Farinda Sucianty,S.Pd', 32.00, '2024-08-16 06:18:53', '2024-08-16 06:18:53'),
	(54, 54, 'Ita Astriyani, S.Pd', 31.00, '2024-08-16 06:18:53', '2024-08-16 06:18:53'),
	(55, 55, 'Anisa Nurasiah, S.Pd', 26.00, '2024-08-16 06:18:53', '2024-08-16 06:18:53'),
	(56, 56, 'Desi Intan Permani, S.Pd', 32.00, '2024-08-16 06:18:53', '2024-08-16 06:18:53'),
	(57, 57, 'Desty Rosmiyati Dewi, S.Pd', 18.00, '2024-08-16 06:18:53', '2024-08-16 06:18:53'),
	(58, 58, 'Euis Nur Fadilah, S.Pd', 28.00, '2024-08-16 06:18:53', '2024-08-16 06:18:53'),
	(59, 59, 'Syifa Auliya, S.Pd', 28.00, '2024-08-16 06:18:53', '2024-08-16 06:18:53'),
	(60, 60, 'Suci Anggawati Sari, S.Pd', 40.00, '2024-08-16 06:18:53', '2024-08-16 06:18:53'),
	(61, 61, 'Dida Firman Hidayat, M.Pd', 24.00, '2024-08-16 06:18:53', '2024-08-16 06:18:53'),
	(62, 62, 'Hj. Eni Nuraeni, S.Pd., M.Pd.', 8.00, '2024-08-16 06:18:53', '2024-08-16 06:18:53'),
	(63, 63, 'Abdal Aziz, S.Pd.I', 28.00, '2024-08-16 06:18:53', '2024-08-16 06:18:53'),
	(64, 64, 'Inggit Wildani Kahfi, S.Pd.', 24.00, '2024-08-16 06:18:53', '2024-08-16 06:18:53'),
	(65, 65, 'Sherly Lucia, S.Sn.', 12.00, '2024-08-16 06:18:53', '2024-08-16 06:18:53');

-- Dumping structure for table lara-jadwalmapel.guru_mata_pelajaran
CREATE TABLE IF NOT EXISTS `guru_mata_pelajaran` (
  `id` bigint unsigned NOT NULL AUTO_INCREMENT,
  `guru_id` bigint unsigned NOT NULL,
  `mapel_id` bigint unsigned NOT NULL,
  `kelas_id` int DEFAULT NULL,
  `created_at` timestamp NULL DEFAULT NULL,
  `updated_at` timestamp NULL DEFAULT NULL,
  PRIMARY KEY (`id`)
) ENGINE=InnoDB AUTO_INCREMENT=708 DEFAULT CHARSET=utf8mb4 COLLATE=utf8mb4_unicode_ci;

-- Dumping data for table lara-jadwalmapel.guru_mata_pelajaran: ~707 rows (approximately)
REPLACE INTO `guru_mata_pelajaran` (`id`, `guru_id`, `mapel_id`, `kelas_id`, `created_at`, `updated_at`) VALUES
	(1, 16, 1, 1, NULL, NULL),
	(2, 16, 1, 2, NULL, NULL),
	(3, 16, 1, 3, NULL, NULL),
	(4, 16, 1, 4, NULL, NULL),
	(5, 16, 1, 5, NULL, NULL),
	(6, 16, 1, 6, NULL, NULL),
	(7, 16, 1, 7, NULL, NULL),
	(8, 16, 1, 8, NULL, NULL),
	(9, 16, 1, 9, NULL, NULL),
	(10, 16, 1, 10, NULL, NULL),
	(11, 16, 1, 11, NULL, NULL),
	(12, 16, 1, 12, NULL, NULL),
	(13, 21, 1, 13, NULL, NULL),
	(14, 21, 1, 14, NULL, NULL),
	(15, 21, 1, 15, NULL, NULL),
	(16, 21, 1, 16, NULL, NULL),
	(17, 21, 1, 17, NULL, NULL),
	(18, 21, 1, 18, NULL, NULL),
	(19, 21, 1, 19, NULL, NULL),
	(20, 21, 1, 20, NULL, NULL),
	(21, 21, 1, 21, NULL, NULL),
	(22, 21, 1, 22, NULL, NULL),
	(23, 21, 1, 23, NULL, NULL),
	(24, 21, 1, 24, NULL, NULL),
	(25, 35, 1, 25, NULL, NULL),
	(26, 35, 1, 26, NULL, NULL),
	(27, 35, 1, 27, NULL, NULL),
	(28, 35, 1, 28, NULL, NULL),
	(29, 35, 1, 29, NULL, NULL),
	(30, 35, 1, 30, NULL, NULL),
	(31, 35, 1, 31, NULL, NULL),
	(32, 35, 1, 32, NULL, NULL),
	(33, 35, 1, 33, NULL, NULL),
	(34, 35, 1, 34, NULL, NULL),
	(35, 35, 1, 35, NULL, NULL),
	(36, 35, 1, 36, NULL, NULL),
	(37, 47, 2, 1, NULL, NULL),
	(38, 47, 2, 2, NULL, NULL),
	(39, 47, 2, 3, NULL, NULL),
	(40, 47, 2, 4, NULL, NULL),
	(41, 47, 2, 5, NULL, NULL),
	(42, 47, 2, 6, NULL, NULL),
	(43, 47, 2, 7, NULL, NULL),
	(44, 47, 2, 8, NULL, NULL),
	(45, 47, 2, 9, NULL, NULL),
	(46, 47, 2, 10, NULL, NULL),
	(47, 47, 2, 11, NULL, NULL),
	(48, 47, 2, 12, NULL, NULL),
	(49, 63, 3, 13, NULL, NULL),
	(50, 63, 3, 14, NULL, NULL),
	(51, 63, 3, 15, NULL, NULL),
	(52, 63, 3, 16, NULL, NULL),
	(53, 63, 3, 17, NULL, NULL),
	(54, 63, 3, 18, NULL, NULL),
	(55, 63, 3, 19, NULL, NULL),
	(56, 63, 3, 20, NULL, NULL),
	(57, 63, 3, 21, NULL, NULL),
	(58, 63, 3, 22, NULL, NULL),
	(59, 63, 3, 23, NULL, NULL),
	(60, 63, 3, 24, NULL, NULL),
	(61, 24, 4, 1, NULL, NULL),
	(62, 24, 4, 2, NULL, NULL),
	(63, 24, 4, 3, NULL, NULL),
	(64, 24, 4, 4, NULL, NULL),
	(65, 24, 4, 5, NULL, NULL),
	(66, 24, 4, 6, NULL, NULL),
	(67, 24, 4, 7, NULL, NULL),
	(68, 24, 4, 8, NULL, NULL),
	(69, 24, 4, 9, NULL, NULL),
	(70, 24, 4, 10, NULL, NULL),
	(71, 24, 4, 11, NULL, NULL),
	(72, 24, 4, 12, NULL, NULL),
	(73, 24, 4, 13, NULL, NULL),
	(74, 24, 4, 14, NULL, NULL),
	(75, 24, 4, 15, NULL, NULL),
	(76, 24, 4, 16, NULL, NULL),
	(77, 24, 4, 17, NULL, NULL),
	(78, 24, 4, 18, NULL, NULL),
	(79, 24, 4, 19, NULL, NULL),
	(80, 24, 4, 20, NULL, NULL),
	(81, 63, 4, 21, NULL, NULL),
	(82, 63, 4, 22, NULL, NULL),
	(83, 63, 4, 23, NULL, NULL),
	(84, 63, 4, 24, NULL, NULL),
	(85, 63, 4, 25, NULL, NULL),
	(86, 63, 4, 26, NULL, NULL),
	(87, 63, 4, 27, NULL, NULL),
	(88, 63, 4, 28, NULL, NULL),
	(89, 63, 4, 29, NULL, NULL),
	(90, 63, 4, 30, NULL, NULL),
	(91, 63, 4, 31, NULL, NULL),
	(92, 63, 4, 32, NULL, NULL),
	(93, 63, 4, 33, NULL, NULL),
	(94, 63, 4, 34, NULL, NULL),
	(95, 63, 4, 35, NULL, NULL),
	(96, 63, 4, 36, NULL, NULL),
	(97, 63, 5, 1, NULL, NULL),
	(98, 63, 5, 2, NULL, NULL),
	(99, 63, 5, 3, NULL, NULL),
	(100, 63, 5, 4, NULL, NULL),
	(101, 64, 5, 5, NULL, NULL),
	(102, 64, 5, 6, NULL, NULL),
	(103, 64, 5, 7, NULL, NULL),
	(104, 64, 5, 8, NULL, NULL),
	(105, 64, 5, 9, NULL, NULL),
	(106, 64, 5, 10, NULL, NULL),
	(107, 64, 5, 11, NULL, NULL),
	(108, 64, 5, 12, NULL, NULL),
	(109, 64, 6, 13, NULL, NULL),
	(110, 64, 6, 14, NULL, NULL),
	(111, 64, 6, 15, NULL, NULL),
	(112, 64, 6, 16, NULL, NULL),
	(113, 64, 6, 17, NULL, NULL),
	(114, 64, 6, 18, NULL, NULL),
	(115, 64, 6, 19, NULL, NULL),
	(116, 64, 6, 20, NULL, NULL),
	(117, 64, 6, 21, NULL, NULL),
	(118, 64, 6, 22, NULL, NULL),
	(119, 64, 6, 23, NULL, NULL),
	(120, 64, 6, 24, NULL, NULL),
	(121, 8, 7, 1, NULL, NULL),
	(122, 8, 7, 2, NULL, NULL),
	(123, 8, 7, 3, NULL, NULL),
	(124, 8, 7, 4, NULL, NULL),
	(125, 8, 7, 5, NULL, NULL),
	(126, 8, 7, 6, NULL, NULL),
	(127, 8, 7, 7, NULL, NULL),
	(128, 8, 7, 8, NULL, NULL),
	(129, 8, 7, 9, NULL, NULL),
	(130, 8, 7, 10, NULL, NULL),
	(131, 8, 7, 11, NULL, NULL),
	(132, 8, 7, 12, NULL, NULL),
	(133, 8, 7, 13, NULL, NULL),
	(134, 8, 7, 14, NULL, NULL),
	(135, 14, 7, 15, NULL, NULL),
	(136, 14, 7, 16, NULL, NULL),
	(137, 14, 7, 17, NULL, NULL),
	(138, 14, 7, 18, NULL, NULL),
	(139, 14, 7, 19, NULL, NULL),
	(140, 14, 7, 20, NULL, NULL),
	(141, 14, 7, 21, NULL, NULL),
	(142, 14, 7, 22, NULL, NULL),
	(143, 14, 7, 23, NULL, NULL),
	(144, 14, 7, 24, NULL, NULL),
	(145, 14, 7, 25, NULL, NULL),
	(146, 14, 7, 26, NULL, NULL),
	(147, 14, 7, 27, NULL, NULL),
	(148, 14, 7, 28, NULL, NULL),
	(149, 23, 7, 29, NULL, NULL),
	(150, 23, 7, 30, NULL, NULL),
	(151, 23, 7, 31, NULL, NULL),
	(152, 23, 7, 32, NULL, NULL),
	(153, 23, 7, 33, NULL, NULL),
	(154, 23, 7, 34, NULL, NULL),
	(155, 23, 7, 35, NULL, NULL),
	(156, 23, 7, 36, NULL, NULL),
	(157, 23, 8, 1, NULL, NULL),
	(158, 23, 8, 2, NULL, NULL),
	(159, 23, 8, 3, NULL, NULL),
	(160, 23, 8, 4, NULL, NULL),
	(161, 23, 8, 5, NULL, NULL),
	(162, 23, 8, 6, NULL, NULL),
	(163, 27, 8, 7, NULL, NULL),
	(164, 27, 8, 8, NULL, NULL),
	(165, 27, 8, 9, NULL, NULL),
	(166, 27, 8, 10, NULL, NULL),
	(167, 27, 8, 11, NULL, NULL),
	(168, 27, 8, 12, NULL, NULL),
	(169, 27, 9, 13, NULL, NULL),
	(170, 27, 9, 14, NULL, NULL),
	(171, 27, 9, 15, NULL, NULL),
	(172, 27, 9, 16, NULL, NULL),
	(173, 27, 9, 17, NULL, NULL),
	(174, 27, 9, 18, NULL, NULL),
	(175, 27, 9, 19, NULL, NULL),
	(176, 27, 9, 20, NULL, NULL),
	(177, 53, 9, 21, NULL, NULL),
	(178, 53, 9, 22, NULL, NULL),
	(179, 53, 9, 23, NULL, NULL),
	(180, 53, 9, 24, NULL, NULL),
	(181, 53, 12, 31, NULL, NULL),
	(182, 53, 12, 32, NULL, NULL),
	(183, 53, 10, 19, NULL, NULL),
	(184, 53, 10, 20, NULL, NULL),
	(185, 53, 10, 21, NULL, NULL),
	(186, 53, 10, 22, NULL, NULL),
	(187, 53, 11, 19, NULL, NULL),
	(188, 53, 11, 20, NULL, NULL),
	(189, 53, 11, 21, NULL, NULL),
	(190, 53, 11, 22, NULL, NULL),
	(191, 2, 13, 1, NULL, NULL),
	(192, 2, 13, 2, NULL, NULL),
	(193, 2, 13, 3, NULL, NULL),
	(194, 2, 13, 4, NULL, NULL),
	(195, 3, 13, 5, NULL, NULL),
	(196, 3, 13, 6, NULL, NULL),
	(197, 3, 13, 7, NULL, NULL),
	(198, 3, 13, 8, NULL, NULL),
	(199, 3, 13, 9, NULL, NULL),
	(200, 3, 13, 10, NULL, NULL),
	(201, 3, 13, 11, NULL, NULL),
	(202, 3, 13, 12, NULL, NULL),
	(203, 5, 13, 13, NULL, NULL),
	(204, 5, 13, 14, NULL, NULL),
	(205, 5, 13, 15, NULL, NULL),
	(206, 5, 13, 16, NULL, NULL),
	(207, 5, 13, 17, NULL, NULL),
	(208, 5, 13, 18, NULL, NULL),
	(209, 5, 13, 19, NULL, NULL),
	(210, 5, 13, 20, NULL, NULL),
	(211, 37, 13, 21, NULL, NULL),
	(212, 37, 13, 22, NULL, NULL),
	(213, 37, 13, 23, NULL, NULL),
	(214, 37, 13, 24, NULL, NULL),
	(215, 37, 13, 25, NULL, NULL),
	(216, 37, 13, 26, NULL, NULL),
	(217, 37, 13, 27, NULL, NULL),
	(218, 37, 13, 28, NULL, NULL),
	(219, 56, 13, 29, NULL, NULL),
	(220, 56, 13, 30, NULL, NULL),
	(221, 56, 13, 31, NULL, NULL),
	(222, 56, 13, 32, NULL, NULL),
	(223, 56, 13, 33, NULL, NULL),
	(224, 56, 13, 34, NULL, NULL),
	(225, 56, 13, 35, NULL, NULL),
	(226, 56, 13, 36, NULL, NULL),
	(227, 2, 14, 1, NULL, NULL),
	(228, 2, 14, 2, NULL, NULL),
	(229, 2, 14, 3, NULL, NULL),
	(230, 2, 14, 4, NULL, NULL),
	(231, 3, 14, 5, NULL, NULL),
	(232, 3, 14, 6, NULL, NULL),
	(233, 3, 14, 7, NULL, NULL),
	(234, 3, 14, 8, NULL, NULL),
	(235, 3, 14, 9, NULL, NULL),
	(236, 3, 14, 10, NULL, NULL),
	(237, 3, 14, 11, NULL, NULL),
	(238, 3, 14, 12, NULL, NULL),
	(239, 5, 14, 13, NULL, NULL),
	(240, 5, 14, 14, NULL, NULL),
	(241, 5, 14, 15, NULL, NULL),
	(242, 5, 14, 16, NULL, NULL),
	(243, 5, 14, 17, NULL, NULL),
	(244, 5, 14, 18, NULL, NULL),
	(245, 5, 14, 19, NULL, NULL),
	(246, 5, 14, 20, NULL, NULL),
	(247, 37, 14, 21, NULL, NULL),
	(248, 37, 14, 22, NULL, NULL),
	(249, 37, 14, 23, NULL, NULL),
	(250, 37, 14, 24, NULL, NULL),
	(251, 37, 14, 25, NULL, NULL),
	(252, 37, 14, 26, NULL, NULL),
	(253, 37, 14, 27, NULL, NULL),
	(254, 37, 14, 28, NULL, NULL),
	(255, 56, 14, 29, NULL, NULL),
	(256, 56, 14, 30, NULL, NULL),
	(257, 56, 14, 31, NULL, NULL),
	(258, 56, 14, 32, NULL, NULL),
	(259, 56, 14, 33, NULL, NULL),
	(260, 56, 14, 34, NULL, NULL),
	(261, 56, 14, 35, NULL, NULL),
	(262, 56, 14, 36, NULL, NULL),
	(263, 1, 15, 25, NULL, NULL),
	(264, 1, 15, 26, NULL, NULL),
	(265, 1, 15, 27, NULL, NULL),
	(266, 50, 15, 28, NULL, NULL),
	(267, 50, 15, 29, NULL, NULL),
	(268, 50, 15, 30, NULL, NULL),
	(269, 50, 15, 31, NULL, NULL),
	(270, 50, 15, 32, NULL, NULL),
	(271, 1, 16, 19, NULL, NULL),
	(272, 1, 16, 20, NULL, NULL),
	(273, 1, 16, 21, NULL, NULL),
	(274, 1, 16, 22, NULL, NULL),
	(275, 50, 16, 23, NULL, NULL),
	(276, 50, 16, 24, NULL, NULL),
	(277, 1, 17, 19, NULL, NULL),
	(278, 1, 17, 20, NULL, NULL),
	(279, 1, 17, 21, NULL, NULL),
	(280, 1, 17, 22, NULL, NULL),
	(281, 50, 17, 23, NULL, NULL),
	(282, 50, 17, 24, NULL, NULL),
	(283, 11, 18, 1, NULL, NULL),
	(284, 11, 18, 2, NULL, NULL),
	(285, 11, 18, 3, NULL, NULL),
	(286, 11, 18, 4, NULL, NULL),
	(287, 11, 18, 5, NULL, NULL),
	(288, 11, 18, 6, NULL, NULL),
	(289, 11, 18, 7, NULL, NULL),
	(290, 11, 18, 8, NULL, NULL),
	(291, 18, 18, 9, NULL, NULL),
	(292, 18, 18, 10, NULL, NULL),
	(293, 18, 18, 11, NULL, NULL),
	(294, 18, 18, 12, NULL, NULL),
	(295, 18, 18, 13, NULL, NULL),
	(296, 18, 18, 14, NULL, NULL),
	(297, 18, 18, 15, NULL, NULL),
	(298, 18, 18, 16, NULL, NULL),
	(299, 46, 18, 17, NULL, NULL),
	(300, 46, 18, 18, NULL, NULL),
	(301, 46, 18, 19, NULL, NULL),
	(302, 46, 18, 20, NULL, NULL),
	(303, 46, 18, 21, NULL, NULL),
	(304, 46, 18, 22, NULL, NULL),
	(305, 46, 18, 23, NULL, NULL),
	(306, 46, 18, 24, NULL, NULL),
	(307, 46, 18, 25, NULL, NULL),
	(308, 46, 18, 26, NULL, NULL),
	(309, 61, 18, 27, NULL, NULL),
	(310, 61, 18, 28, NULL, NULL),
	(311, 61, 18, 29, NULL, NULL),
	(312, 61, 18, 30, NULL, NULL),
	(313, 61, 18, 31, NULL, NULL),
	(314, 61, 18, 32, NULL, NULL),
	(315, 61, 18, 33, NULL, NULL),
	(316, 61, 18, 34, NULL, NULL),
	(317, 61, 18, 35, NULL, NULL),
	(318, 61, 18, 36, NULL, NULL),
	(319, 62, 19, 13, NULL, NULL),
	(320, 62, 19, 14, NULL, NULL),
	(321, 62, 19, 15, NULL, NULL),
	(322, 62, 19, 16, NULL, NULL),
	(323, 62, 19, 17, NULL, NULL),
	(324, 62, 19, 18, NULL, NULL),
	(325, 62, 20, 33, NULL, NULL),
	(326, 62, 20, 34, NULL, NULL),
	(327, 13, 21, 1, NULL, NULL),
	(328, 13, 21, 2, NULL, NULL),
	(329, 13, 21, 3, NULL, NULL),
	(330, 13, 21, 4, NULL, NULL),
	(331, 13, 21, 5, NULL, NULL),
	(332, 13, 21, 6, NULL, NULL),
	(333, 13, 21, 7, NULL, NULL),
	(334, 13, 21, 8, NULL, NULL),
	(335, 13, 21, 9, NULL, NULL),
	(336, 13, 21, 10, NULL, NULL),
	(337, 13, 21, 11, NULL, NULL),
	(338, 31, 21, 12, NULL, NULL),
	(339, 31, 21, 13, NULL, NULL),
	(340, 31, 21, 14, NULL, NULL),
	(341, 31, 21, 15, NULL, NULL),
	(342, 31, 21, 16, NULL, NULL),
	(343, 31, 21, 17, NULL, NULL),
	(344, 31, 21, 18, NULL, NULL),
	(345, 31, 21, 19, NULL, NULL),
	(346, 31, 21, 20, NULL, NULL),
	(347, 31, 21, 21, NULL, NULL),
	(348, 31, 21, 22, NULL, NULL),
	(349, 43, 21, 23, NULL, NULL),
	(350, 43, 21, 24, NULL, NULL),
	(351, 43, 21, 25, NULL, NULL),
	(352, 43, 21, 26, NULL, NULL),
	(353, 43, 21, 27, NULL, NULL),
	(354, 43, 21, 28, NULL, NULL),
	(355, 43, 21, 29, NULL, NULL),
	(356, 43, 21, 30, NULL, NULL),
	(357, 43, 21, 31, NULL, NULL),
	(358, 43, 21, 32, NULL, NULL),
	(359, 43, 21, 33, NULL, NULL),
	(360, 51, 21, 34, NULL, NULL),
	(361, 51, 21, 35, NULL, NULL),
	(362, 51, 21, 36, NULL, NULL),
	(363, 51, 22, 1, NULL, NULL),
	(364, 51, 22, 2, NULL, NULL),
	(365, 51, 22, 3, NULL, NULL),
	(366, 51, 22, 4, NULL, NULL),
	(367, 51, 22, 5, NULL, NULL),
	(368, 51, 22, 6, NULL, NULL),
	(369, 51, 22, 7, NULL, NULL),
	(370, 51, 22, 8, NULL, NULL),
	(371, 51, 22, 9, NULL, NULL),
	(372, 55, 22, 10, NULL, NULL),
	(373, 55, 22, 11, NULL, NULL),
	(374, 55, 22, 12, NULL, NULL),
	(375, 55, 23, 33, NULL, NULL),
	(376, 55, 23, 34, NULL, NULL),
	(377, 55, 23, 35, NULL, NULL),
	(378, 55, 23, 36, NULL, NULL),
	(379, 55, 24, 13, NULL, NULL),
	(380, 55, 24, 14, NULL, NULL),
	(381, 55, 24, 15, NULL, NULL),
	(382, 55, 24, 16, NULL, NULL),
	(383, 15, 25, 1, NULL, NULL),
	(384, 15, 25, 2, NULL, NULL),
	(385, 15, 25, 3, NULL, NULL),
	(386, 15, 25, 4, NULL, NULL),
	(387, 15, 25, 5, NULL, NULL),
	(388, 15, 25, 6, NULL, NULL),
	(389, 15, 26, 1, NULL, NULL),
	(390, 15, 26, 2, NULL, NULL),
	(391, 15, 26, 3, NULL, NULL),
	(392, 15, 26, 4, NULL, NULL),
	(393, 15, 26, 5, NULL, NULL),
	(394, 15, 26, 6, NULL, NULL),
	(395, 28, 27, 13, NULL, NULL),
	(396, 28, 27, 14, NULL, NULL),
	(397, 28, 27, 15, NULL, NULL),
	(398, 28, 27, 16, NULL, NULL),
	(399, 28, 27, 17, NULL, NULL),
	(400, 28, 27, 18, NULL, NULL),
	(401, 28, 27, 19, NULL, NULL),
	(402, 28, 27, 20, NULL, NULL),
	(403, 28, 27, 21, NULL, NULL),
	(404, 28, 27, 22, NULL, NULL),
	(405, 28, 27, 23, NULL, NULL),
	(406, 28, 27, 24, NULL, NULL),
	(407, 65, 28, 25, NULL, NULL),
	(408, 65, 28, 26, NULL, NULL),
	(409, 65, 28, 27, NULL, NULL),
	(410, 65, 28, 28, NULL, NULL),
	(411, 65, 28, 29, NULL, NULL),
	(412, 65, 28, 30, NULL, NULL),
	(413, 65, 28, 31, NULL, NULL),
	(414, 65, 28, 32, NULL, NULL),
	(415, 65, 28, 33, NULL, NULL),
	(416, 65, 28, 34, NULL, NULL),
	(417, 65, 28, 35, NULL, NULL),
	(418, 65, 28, 36, NULL, NULL),
	(419, 40, 29, 7, NULL, NULL),
	(420, 40, 29, 8, NULL, NULL),
	(421, 40, 29, 9, NULL, NULL),
	(422, 40, 29, 10, NULL, NULL),
	(423, 40, 29, 11, NULL, NULL),
	(424, 40, 29, 12, NULL, NULL),
	(425, 40, 30, 7, NULL, NULL),
	(426, 40, 30, 8, NULL, NULL),
	(427, 40, 30, 9, NULL, NULL),
	(428, 40, 30, 10, NULL, NULL),
	(429, 40, 30, 11, NULL, NULL),
	(430, 40, 30, 12, NULL, NULL),
	(431, 45, 31, 13, NULL, NULL),
	(432, 45, 31, 14, NULL, NULL),
	(433, 45, 31, 15, NULL, NULL),
	(434, 45, 31, 16, NULL, NULL),
	(435, 45, 31, 17, NULL, NULL),
	(436, 45, 31, 18, NULL, NULL),
	(437, 45, 31, 19, NULL, NULL),
	(438, 45, 31, 20, NULL, NULL),
	(439, 45, 31, 21, NULL, NULL),
	(440, 45, 31, 22, NULL, NULL),
	(441, 40, 32, 25, NULL, NULL),
	(442, 40, 32, 26, NULL, NULL),
	(443, 40, 32, 27, NULL, NULL),
	(444, 45, 32, 28, NULL, NULL),
	(445, 45, 32, 29, NULL, NULL),
	(446, 45, 32, 30, NULL, NULL),
	(447, 45, 32, 31, NULL, NULL),
	(448, 45, 32, 32, NULL, NULL),
	(449, 45, 32, 33, NULL, NULL),
	(450, 40, 32, 34, NULL, NULL),
	(451, 40, 32, 35, NULL, NULL),
	(452, 40, 32, 36, NULL, NULL),
	(453, 25, 33, 1, NULL, NULL),
	(454, 25, 33, 2, NULL, NULL),
	(455, 25, 33, 3, NULL, NULL),
	(456, 25, 33, 4, NULL, NULL),
	(457, 25, 33, 5, NULL, NULL),
	(458, 25, 33, 6, NULL, NULL),
	(459, 25, 33, 7, NULL, NULL),
	(460, 25, 33, 8, NULL, NULL),
	(461, 25, 33, 9, NULL, NULL),
	(462, 25, 33, 10, NULL, NULL),
	(463, 25, 33, 11, NULL, NULL),
	(464, 25, 33, 12, NULL, NULL),
	(465, 41, 33, 13, NULL, NULL),
	(466, 41, 33, 14, NULL, NULL),
	(467, 41, 33, 15, NULL, NULL),
	(468, 41, 33, 16, NULL, NULL),
	(469, 41, 33, 17, NULL, NULL),
	(470, 41, 33, 18, NULL, NULL),
	(471, 41, 33, 19, NULL, NULL),
	(472, 41, 33, 20, NULL, NULL),
	(473, 41, 33, 21, NULL, NULL),
	(474, 41, 33, 22, NULL, NULL),
	(475, 41, 33, 23, NULL, NULL),
	(476, 41, 33, 24, NULL, NULL),
	(477, 48, 33, 25, NULL, NULL),
	(478, 48, 33, 26, NULL, NULL),
	(479, 48, 33, 27, NULL, NULL),
	(480, 48, 33, 28, NULL, NULL),
	(481, 48, 33, 29, NULL, NULL),
	(482, 48, 33, 30, NULL, NULL),
	(483, 48, 33, 31, NULL, NULL),
	(484, 48, 33, 32, NULL, NULL),
	(485, 48, 33, 33, NULL, NULL),
	(486, 48, 33, 34, NULL, NULL),
	(487, 48, 33, 35, NULL, NULL),
	(488, 48, 33, 36, NULL, NULL),
	(489, 25, 34, 1, NULL, NULL),
	(490, 25, 34, 2, NULL, NULL),
	(491, 25, 34, 3, NULL, NULL),
	(492, 25, 34, 4, NULL, NULL),
	(493, 25, 34, 5, NULL, NULL),
	(494, 25, 34, 6, NULL, NULL),
	(495, 25, 34, 7, NULL, NULL),
	(496, 25, 34, 8, NULL, NULL),
	(497, 41, 34, 9, NULL, NULL),
	(498, 41, 34, 10, NULL, NULL),
	(499, 41, 34, 11, NULL, NULL),
	(500, 41, 34, 12, NULL, NULL),
	(501, 41, 35, 13, NULL, NULL),
	(502, 41, 35, 14, NULL, NULL),
	(503, 41, 35, 15, NULL, NULL),
	(504, 41, 35, 16, NULL, NULL),
	(505, 48, 35, 17, NULL, NULL),
	(506, 48, 35, 18, NULL, NULL),
	(507, 48, 35, 19, NULL, NULL),
	(508, 48, 35, 20, NULL, NULL),
	(509, 48, 35, 21, NULL, NULL),
	(510, 48, 35, 22, NULL, NULL),
	(511, 48, 35, 23, NULL, NULL),
	(512, 48, 35, 24, NULL, NULL),
	(513, 36, 36, 1, NULL, NULL),
	(514, 36, 36, 2, NULL, NULL),
	(515, 36, 36, 3, NULL, NULL),
	(516, 36, 36, 4, NULL, NULL),
	(517, 36, 36, 5, NULL, NULL),
	(518, 36, 36, 6, NULL, NULL),
	(519, 36, 36, 7, NULL, NULL),
	(520, 36, 36, 8, NULL, NULL),
	(521, 36, 36, 9, NULL, NULL),
	(522, 49, 36, 10, NULL, NULL),
	(523, 49, 36, 11, NULL, NULL),
	(524, 49, 36, 12, NULL, NULL),
	(525, 49, 36, 13, NULL, NULL),
	(526, 49, 36, 14, NULL, NULL),
	(527, 49, 36, 15, NULL, NULL),
	(528, 49, 36, 16, NULL, NULL),
	(529, 49, 36, 17, NULL, NULL),
	(530, 49, 36, 18, NULL, NULL),
	(531, 58, 36, 19, NULL, NULL),
	(532, 58, 36, 20, NULL, NULL),
	(533, 58, 36, 21, NULL, NULL),
	(534, 58, 36, 22, NULL, NULL),
	(535, 58, 36, 23, NULL, NULL),
	(536, 58, 36, 24, NULL, NULL),
	(537, 58, 36, 25, NULL, NULL),
	(538, 58, 36, 26, NULL, NULL),
	(539, 58, 36, 27, NULL, NULL),
	(540, 59, 36, 28, NULL, NULL),
	(541, 59, 36, 29, NULL, NULL),
	(542, 59, 36, 30, NULL, NULL),
	(543, 59, 36, 31, NULL, NULL),
	(544, 59, 36, 32, NULL, NULL),
	(545, 59, 36, 33, NULL, NULL),
	(546, 59, 36, 34, NULL, NULL),
	(547, 59, 36, 35, NULL, NULL),
	(548, 59, 36, 36, NULL, NULL),
	(549, 9, 37, 1, NULL, NULL),
	(550, 9, 37, 2, NULL, NULL),
	(551, 9, 37, 3, NULL, NULL),
	(552, 9, 37, 4, NULL, NULL),
	(553, 9, 37, 5, NULL, NULL),
	(554, 9, 37, 6, NULL, NULL),
	(555, 9, 37, 7, NULL, NULL),
	(556, 9, 37, 8, NULL, NULL),
	(557, 22, 37, 9, NULL, NULL),
	(558, 22, 37, 10, NULL, NULL),
	(559, 22, 37, 11, NULL, NULL),
	(560, 22, 37, 12, NULL, NULL),
	(561, 22, 38, 25, NULL, NULL),
	(562, 22, 38, 26, NULL, NULL),
	(563, 22, 38, 27, NULL, NULL),
	(564, 22, 38, 28, NULL, NULL),
	(565, 30, 38, 29, NULL, NULL),
	(566, 30, 38, 30, NULL, NULL),
	(567, 30, 38, 31, NULL, NULL),
	(568, 30, 38, 32, NULL, NULL),
	(569, 30, 39, 21, NULL, NULL),
	(570, 30, 39, 22, NULL, NULL),
	(571, 30, 39, 23, NULL, NULL),
	(572, 30, 39, 24, NULL, NULL),
	(573, 17, 40, 1, NULL, NULL),
	(574, 17, 40, 2, NULL, NULL),
	(575, 17, 40, 3, NULL, NULL),
	(576, 17, 40, 4, NULL, NULL),
	(577, 17, 40, 5, NULL, NULL),
	(578, 17, 40, 6, NULL, NULL),
	(579, 17, 40, 7, NULL, NULL),
	(580, 17, 40, 8, NULL, NULL),
	(581, 29, 40, 9, NULL, NULL),
	(582, 29, 40, 10, NULL, NULL),
	(583, 29, 40, 11, NULL, NULL),
	(584, 29, 40, 12, NULL, NULL),
	(585, 29, 41, 25, NULL, NULL),
	(586, 29, 41, 26, NULL, NULL),
	(587, 29, 41, 27, NULL, NULL),
	(588, 29, 41, 28, NULL, NULL),
	(589, 52, 41, 29, NULL, NULL),
	(590, 52, 41, 30, NULL, NULL),
	(591, 52, 41, 31, NULL, NULL),
	(592, 52, 41, 32, NULL, NULL),
	(593, 52, 42, 17, NULL, NULL),
	(594, 52, 42, 18, NULL, NULL),
	(595, 52, 42, 19, NULL, NULL),
	(596, 52, 42, 20, NULL, NULL),
	(597, 7, 43, 1, NULL, NULL),
	(598, 7, 43, 2, NULL, NULL),
	(599, 7, 43, 3, NULL, NULL),
	(600, 7, 43, 4, NULL, NULL),
	(601, 7, 43, 5, NULL, NULL),
	(602, 7, 43, 6, NULL, NULL),
	(603, 7, 43, 7, NULL, NULL),
	(604, 12, 43, 8, NULL, NULL),
	(605, 12, 43, 9, NULL, NULL),
	(606, 12, 43, 10, NULL, NULL),
	(607, 12, 43, 11, NULL, NULL),
	(608, 12, 43, 12, NULL, NULL),
	(609, 12, 44, 25, NULL, NULL),
	(610, 12, 44, 26, NULL, NULL),
	(611, 26, 44, 27, NULL, NULL),
	(612, 26, 44, 28, NULL, NULL),
	(613, 26, 44, 29, NULL, NULL),
	(614, 26, 44, 30, NULL, NULL),
	(615, 26, 44, 31, NULL, NULL),
	(616, 26, 44, 32, NULL, NULL),
	(617, 42, 45, 13, NULL, NULL),
	(618, 42, 45, 14, NULL, NULL),
	(619, 42, 45, 15, NULL, NULL),
	(620, 42, 45, 16, NULL, NULL),
	(621, 42, 46, 33, NULL, NULL),
	(622, 42, 46, 36, NULL, NULL),
	(623, 33, 47, 1, NULL, NULL),
	(624, 33, 47, 2, NULL, NULL),
	(625, 33, 47, 3, NULL, NULL),
	(626, 33, 47, 4, NULL, NULL),
	(627, 33, 47, 5, NULL, NULL),
	(628, 33, 47, 6, NULL, NULL),
	(629, 33, 47, 7, NULL, NULL),
	(630, 33, 47, 8, NULL, NULL),
	(631, 54, 47, 9, NULL, NULL),
	(632, 54, 47, 10, NULL, NULL),
	(633, 54, 47, 11, NULL, NULL),
	(634, 54, 47, 12, NULL, NULL),
	(635, 54, 48, 33, NULL, NULL),
	(636, 54, 48, 34, NULL, NULL),
	(637, 54, 48, 35, NULL, NULL),
	(638, 54, 48, 36, NULL, NULL),
	(639, 57, 49, 13, NULL, NULL),
	(640, 57, 49, 14, NULL, NULL),
	(641, 57, 49, 15, NULL, NULL),
	(642, 57, 49, 16, NULL, NULL),
	(643, 57, 50, 26, NULL, NULL),
	(644, 57, 50, 30, NULL, NULL),
	(645, 32, 51, 1, NULL, NULL),
	(646, 32, 51, 2, NULL, NULL),
	(647, 32, 51, 3, NULL, NULL),
	(648, 32, 51, 4, NULL, NULL),
	(649, 32, 51, 5, NULL, NULL),
	(650, 32, 51, 6, NULL, NULL),
	(651, 44, 51, 7, NULL, NULL),
	(652, 44, 51, 8, NULL, NULL),
	(653, 44, 51, 9, NULL, NULL),
	(654, 44, 51, 10, NULL, NULL),
	(655, 44, 51, 11, NULL, NULL),
	(656, 44, 51, 12, NULL, NULL),
	(657, 58, 52, 33, NULL, NULL),
	(658, 58, 52, 34, NULL, NULL),
	(659, 58, 52, 35, NULL, NULL),
	(660, 58, 52, 36, NULL, NULL),
	(661, 58, 53, 21, NULL, NULL),
	(662, 58, 53, 22, NULL, NULL),
	(663, 59, 53, 23, NULL, NULL),
	(664, 59, 53, 24, NULL, NULL),
	(665, 59, 54, 16, NULL, NULL),
	(666, 59, 54, 17, NULL, NULL),
	(667, 59, 54, 19, NULL, NULL),
	(668, 6, 55, 33, NULL, NULL),
	(669, 6, 55, 34, NULL, NULL),
	(670, 6, 55, 35, NULL, NULL),
	(671, 6, 55, 36, NULL, NULL),
	(672, 34, 56, 1, NULL, NULL),
	(673, 34, 56, 2, NULL, NULL),
	(674, 34, 56, 3, NULL, NULL),
	(675, 34, 56, 4, NULL, NULL),
	(676, 34, 56, 5, NULL, NULL),
	(677, 34, 56, 6, NULL, NULL),
	(678, 38, 56, 7, NULL, NULL),
	(679, 38, 56, 8, NULL, NULL),
	(680, 38, 56, 9, NULL, NULL),
	(681, 38, 56, 10, NULL, NULL),
	(682, 38, 56, 11, NULL, NULL),
	(683, 38, 56, 12, NULL, NULL),
	(684, 40, 57, 13, NULL, NULL),
	(685, 40, 57, 14, NULL, NULL),
	(686, 40, 57, 15, NULL, NULL),
	(687, 40, 57, 16, NULL, NULL),
	(688, 40, 57, 17, NULL, NULL),
	(689, 40, 57, 18, NULL, NULL),
	(690, 6, 58, 25, NULL, NULL),
	(691, 6, 58, 27, NULL, NULL),
	(692, 51, 59, 1, NULL, NULL),
	(693, 51, 59, 2, NULL, NULL),
	(694, 51, 59, 3, NULL, NULL),
	(695, 51, 59, 4, NULL, NULL),
	(696, 51, 59, 5, NULL, NULL),
	(697, 51, 59, 6, NULL, NULL),
	(698, 58, 59, 7, NULL, NULL),
	(699, 58, 59, 8, NULL, NULL),
	(700, 58, 59, 9, NULL, NULL),
	(701, 58, 59, 10, NULL, NULL),
	(702, 58, 59, 11, NULL, NULL),
	(703, 58, 59, 12, NULL, NULL),
	(704, 59, 60, 19, NULL, NULL),
	(705, 59, 60, 20, NULL, NULL),
	(706, 59, 60, 21, NULL, NULL),
	(707, 59, 60, 22, NULL, NULL);

-- Dumping structure for table lara-jadwalmapel.haris
CREATE TABLE IF NOT EXISTS `haris` (
  `id` bigint unsigned NOT NULL,
  `nama_hari` varchar(255) COLLATE utf8mb4_unicode_ci NOT NULL,
  `created_at` timestamp NULL DEFAULT NULL,
  `updated_at` timestamp NULL DEFAULT NULL
) ENGINE=InnoDB DEFAULT CHARSET=utf8mb4 COLLATE=utf8mb4_unicode_ci;

-- Dumping data for table lara-jadwalmapel.haris: ~5 rows (approximately)
REPLACE INTO `haris` (`id`, `nama_hari`, `created_at`, `updated_at`) VALUES
	(1, 'Senin', '2024-08-16 06:18:53', '2024-08-16 06:18:53'),
	(2, 'Selasa', '2024-08-16 06:18:53', '2024-08-16 06:18:53'),
	(3, 'Rabu', '2024-08-16 06:18:53', '2024-08-16 06:18:53'),
	(4, 'Kamis', '2024-08-16 06:18:53', '2024-08-16 06:18:53'),
	(5, 'Jumat', '2024-08-16 06:18:53', '2024-08-16 06:18:53');

-- Dumping structure for table lara-jadwalmapel.jadwals
CREATE TABLE IF NOT EXISTS `jadwals` (
  `id` bigint unsigned NOT NULL AUTO_INCREMENT,
  `hari_id` bigint unsigned NOT NULL,
  `jam_id` bigint unsigned NOT NULL,
  `pengampu_id` bigint unsigned NOT NULL,
  `waktu_mulai` time DEFAULT NULL,
  `waktu_selesai` time DEFAULT NULL,
  `created_at` timestamp NULL DEFAULT NULL,
  `updated_at` timestamp NULL DEFAULT NULL,
  PRIMARY KEY (`id`)
) ENGINE=InnoDB AUTO_INCREMENT=101 DEFAULT CHARSET=utf8mb4 COLLATE=utf8mb4_unicode_ci;

-- Dumping data for table lara-jadwalmapel.jadwals: ~100 rows (approximately)
REPLACE INTO `jadwals` (`id`, `hari_id`, `jam_id`, `pengampu_id`, `waktu_mulai`, `waktu_selesai`, `created_at`, `updated_at`) VALUES
	(1, 3, 4, 1, '09:30:00', '11:45:00', '2024-09-01 09:14:31', '2024-09-01 09:14:31'),
	(2, 4, 4, 2, '09:30:00', '11:45:00', '2024-09-01 09:14:31', '2024-09-01 09:14:31'),
	(3, 1, 7, 3, '12:15:00', '14:30:00', '2024-09-01 09:14:31', '2024-09-01 09:14:31'),
	(4, 3, 3, 4, '08:30:00', '11:00:00', '2024-09-01 09:14:31', '2024-09-01 09:14:31'),
	(5, 2, 3, 5, '08:30:00', '11:00:00', '2024-09-01 09:14:31', '2024-09-01 09:14:31'),
	(6, 2, 6, 6, '11:00:00', '13:45:00', '2024-09-01 09:14:31', '2024-09-01 09:14:31'),
	(7, 2, 7, 7, '12:15:00', '14:30:00', '2024-09-01 09:14:31', '2024-09-01 09:14:31'),
	(8, 3, 7, 8, '12:15:00', '14:30:00', '2024-09-01 09:14:31', '2024-09-01 09:14:31'),
	(9, 2, 5, 9, '10:15:00', '13:00:00', '2024-09-01 09:14:31', '2024-09-01 09:14:31'),
	(10, 3, 8, 10, '13:00:00', '15:15:00', '2024-09-01 09:14:31', '2024-09-01 09:14:31'),
	(11, 3, 1, 11, '07:00:00', '09:15:00', '2024-09-01 09:14:31', '2024-09-01 09:14:31'),
	(12, 2, 8, 12, '13:00:00', '15:15:00', '2024-09-01 09:14:31', '2024-09-01 09:14:31'),
	(13, 2, 2, 13, '07:45:00', '10:15:00', '2024-09-01 09:14:31', '2024-09-01 09:14:31'),
	(14, 3, 5, 14, '10:15:00', '13:00:00', '2024-09-01 09:14:31', '2024-09-01 09:14:31'),
	(15, 1, 4, 15, '09:30:00', '11:45:00', '2024-09-01 09:14:31', '2024-09-01 09:14:31'),
	(16, 4, 2, 16, '07:45:00', '10:15:00', '2024-09-01 09:14:31', '2024-09-01 09:14:31'),
	(17, 4, 3, 17, '08:30:00', '11:00:00', '2024-09-01 09:14:31', '2024-09-01 09:14:31'),
	(18, 2, 7, 18, '12:15:00', '14:30:00', '2024-09-01 09:14:31', '2024-09-01 09:14:31'),
	(19, 2, 5, 19, '10:15:00', '13:00:00', '2024-09-01 09:14:31', '2024-09-01 09:14:31'),
	(20, 3, 1, 20, '07:00:00', '09:15:00', '2024-09-01 09:14:31', '2024-09-01 09:14:31'),
	(21, 3, 3, 21, '08:30:00', '11:00:00', '2024-09-01 09:14:31', '2024-09-01 09:14:31'),
	(22, 2, 4, 22, '09:30:00', '11:45:00', '2024-09-01 09:14:31', '2024-09-01 09:14:31'),
	(23, 2, 6, 23, '11:00:00', '13:45:00', '2024-09-01 09:14:31', '2024-09-01 09:14:31'),
	(24, 4, 1, 24, '07:00:00', '09:15:00', '2024-09-01 09:14:31', '2024-09-01 09:14:31'),
	(25, 3, 3, 25, '08:30:00', '11:00:00', '2024-09-01 09:14:31', '2024-09-01 09:14:31'),
	(26, 2, 8, 26, '13:00:00', '15:15:00', '2024-09-01 09:14:31', '2024-09-01 09:14:31'),
	(27, 3, 1, 27, '07:00:00', '09:15:00', '2024-09-01 09:14:31', '2024-09-01 09:14:31'),
	(28, 1, 6, 28, '11:00:00', '13:45:00', '2024-09-01 09:14:31', '2024-09-01 09:14:31'),
	(29, 2, 6, 29, '11:00:00', '13:45:00', '2024-09-01 09:14:31', '2024-09-01 09:14:31'),
	(30, 2, 2, 30, '07:45:00', '10:15:00', '2024-09-01 09:14:31', '2024-09-01 09:14:31'),
	(31, 1, 2, 31, '07:45:00', '10:15:00', '2024-09-01 09:14:31', '2024-09-01 09:14:31'),
	(32, 4, 5, 32, '10:15:00', '13:00:00', '2024-09-01 09:14:31', '2024-09-01 09:14:31'),
	(33, 4, 7, 33, '12:15:00', '14:30:00', '2024-09-01 09:14:32', '2024-09-01 09:14:32'),
	(34, 2, 4, 34, '09:30:00', '11:45:00', '2024-09-01 09:14:32', '2024-09-01 09:14:32'),
	(35, 3, 6, 35, '11:00:00', '13:45:00', '2024-09-01 09:14:32', '2024-09-01 09:14:32'),
	(36, 3, 7, 36, '12:15:00', '14:30:00', '2024-09-01 09:14:32', '2024-09-01 09:14:32'),
	(37, 3, 7, 37, '12:15:00', '13:00:00', '2024-09-01 09:14:32', '2024-09-01 09:14:32'),
	(38, 5, 2, 38, '07:45:00', '08:30:00', '2024-09-01 09:14:32', '2024-09-01 09:14:32'),
	(39, 5, 3, 39, '08:30:00', '09:15:00', '2024-09-01 09:14:32', '2024-09-01 09:14:32'),
	(40, 2, 8, 40, '13:00:00', '13:45:00', '2024-09-01 09:14:32', '2024-09-01 09:14:32'),
	(41, 2, 6, 41, '11:00:00', '11:45:00', '2024-09-01 09:14:32', '2024-09-01 09:14:32'),
	(42, 3, 6, 42, '11:00:00', '11:45:00', '2024-09-01 09:14:32', '2024-09-01 09:14:32'),
	(43, 2, 4, 43, '09:30:00', '10:15:00', '2024-09-01 09:14:32', '2024-09-01 09:14:32'),
	(44, 3, 10, 44, '14:30:00', '15:15:00', '2024-09-01 09:14:32', '2024-09-01 09:14:32'),
	(45, 5, 5, 45, '10:15:00', '11:00:00', '2024-09-01 09:14:32', '2024-09-01 09:14:32'),
	(46, 4, 6, 46, '11:00:00', '11:45:00', '2024-09-01 09:14:32', '2024-09-01 09:14:32'),
	(47, 4, 1, 47, '07:00:00', '07:45:00', '2024-09-01 09:14:32', '2024-09-01 09:14:32'),
	(48, 1, 9, 48, '13:45:00', '14:30:00', '2024-09-01 09:14:32', '2024-09-01 09:14:32'),
	(49, 4, 2, 49, '07:45:00', '08:30:00', '2024-09-01 09:14:32', '2024-09-01 09:14:32'),
	(50, 1, 2, 50, '07:45:00', '08:30:00', '2024-09-01 09:14:32', '2024-09-01 09:14:32'),
	(51, 1, 10, 51, '14:30:00', '15:15:00', '2024-09-01 09:14:32', '2024-09-01 09:14:32'),
	(52, 5, 6, 52, '11:00:00', '11:45:00', '2024-09-01 09:14:32', '2024-09-01 09:14:32'),
	(53, 2, 4, 53, '09:30:00', '10:15:00', '2024-09-01 09:14:32', '2024-09-01 09:14:32'),
	(54, 3, 9, 54, '13:45:00', '14:30:00', '2024-09-01 09:14:32', '2024-09-01 09:14:32'),
	(55, 2, 6, 55, '11:00:00', '11:45:00', '2024-09-01 09:14:32', '2024-09-01 09:14:32'),
	(56, 5, 5, 56, '10:15:00', '11:00:00', '2024-09-01 09:14:32', '2024-09-01 09:14:32'),
	(57, 5, 3, 57, '08:30:00', '09:15:00', '2024-09-01 09:14:32', '2024-09-01 09:14:32'),
	(58, 5, 7, 58, '12:15:00', '13:00:00', '2024-09-01 09:14:32', '2024-09-01 09:14:32'),
	(59, 4, 3, 59, '08:30:00', '09:15:00', '2024-09-01 09:14:32', '2024-09-01 09:14:32'),
	(60, 4, 10, 60, '14:30:00', '15:15:00', '2024-09-01 09:14:32', '2024-09-01 09:14:32'),
	(61, 4, 2, 61, '07:45:00', '09:15:00', '2024-09-01 09:14:32', '2024-09-01 09:14:32'),
	(62, 1, 5, 62, '10:15:00', '11:45:00', '2024-09-01 09:14:32', '2024-09-01 09:14:32'),
	(63, 3, 7, 63, '12:15:00', '13:45:00', '2024-09-01 09:14:32', '2024-09-01 09:14:32'),
	(64, 1, 4, 64, '09:30:00', '11:00:00', '2024-09-01 09:14:32', '2024-09-01 09:14:32'),
	(65, 1, 7, 65, '12:15:00', '13:45:00', '2024-09-01 09:14:32', '2024-09-01 09:14:32'),
	(66, 2, 7, 66, '12:15:00', '13:45:00', '2024-09-01 09:14:32', '2024-09-01 09:14:32'),
	(67, 1, 2, 67, '07:45:00', '09:15:00', '2024-09-01 09:14:32', '2024-09-01 09:14:32'),
	(68, 4, 1, 68, '07:00:00', '08:30:00', '2024-09-01 09:14:32', '2024-09-01 09:14:32'),
	(69, 2, 9, 69, '13:00:00', '14:30:00', '2024-09-01 09:14:32', '2024-09-01 09:14:32'),
	(70, 4, 9, 70, '13:00:00', '14:30:00', '2024-09-01 09:14:32', '2024-09-01 09:14:32'),
	(71, 3, 2, 71, '07:45:00', '09:15:00', '2024-09-01 09:14:32', '2024-09-01 09:14:32'),
	(72, 3, 5, 72, '10:15:00', '11:45:00', '2024-09-01 09:14:32', '2024-09-01 09:14:32'),
	(73, 5, 7, 73, '12:15:00', '13:45:00', '2024-09-01 09:14:32', '2024-09-01 09:14:32'),
	(74, 5, 9, 74, '13:00:00', '14:30:00', '2024-09-01 09:14:32', '2024-09-01 09:14:32'),
	(75, 3, 4, 75, '09:30:00', '11:00:00', '2024-09-01 09:14:32', '2024-09-01 09:14:32'),
	(76, 1, 1, 76, '07:00:00', '08:30:00', '2024-09-01 09:14:32', '2024-09-01 09:14:32'),
	(77, 5, 5, 77, '10:15:00', '11:45:00', '2024-09-01 09:14:32', '2024-09-01 09:14:32'),
	(78, 1, 9, 78, '13:00:00', '14:30:00', '2024-09-01 09:14:32', '2024-09-01 09:14:32'),
	(79, 5, 4, 79, '09:30:00', '11:00:00', '2024-09-01 09:14:32', '2024-09-01 09:14:32'),
	(80, 3, 3, 80, '08:30:00', '10:15:00', '2024-09-01 09:14:32', '2024-09-01 09:14:32'),
	(81, 3, 7, 81, '12:15:00', '13:45:00', '2024-09-01 09:14:32', '2024-09-01 09:14:32'),
	(82, 2, 7, 82, '12:15:00', '13:45:00', '2024-09-01 09:14:32', '2024-09-01 09:14:32'),
	(83, 5, 8, 83, '13:00:00', '14:30:00', '2024-09-01 09:14:32', '2024-09-01 09:14:32'),
	(84, 5, 1, 84, '07:00:00', '08:30:00', '2024-09-01 09:14:32', '2024-09-01 09:14:32'),
	(85, 1, 8, 85, '13:00:00', '14:30:00', '2024-09-01 09:14:32', '2024-09-01 09:14:32'),
	(86, 3, 5, 86, '10:15:00', '11:45:00', '2024-09-01 09:14:32', '2024-09-01 09:14:32'),
	(87, 3, 3, 87, '08:30:00', '10:15:00', '2024-09-01 09:14:32', '2024-09-01 09:14:32'),
	(88, 2, 5, 88, '10:15:00', '11:45:00', '2024-09-01 09:14:32', '2024-09-01 09:14:32'),
	(89, 1, 9, 89, '13:00:00', '14:30:00', '2024-09-01 09:14:32', '2024-09-01 09:14:32'),
	(90, 1, 1, 90, '07:00:00', '08:30:00', '2024-09-01 09:14:32', '2024-09-01 09:14:32'),
	(91, 1, 7, 91, '12:15:00', '13:45:00', '2024-09-01 09:14:32', '2024-09-01 09:14:32'),
	(92, 5, 4, 92, '09:30:00', '11:00:00', '2024-09-01 09:14:32', '2024-09-01 09:14:32'),
	(93, 5, 9, 93, '13:00:00', '14:30:00', '2024-09-01 09:14:32', '2024-09-01 09:14:32'),
	(94, 4, 9, 94, '13:00:00', '14:30:00', '2024-09-01 09:14:32', '2024-09-01 09:14:32'),
	(95, 5, 2, 95, '07:45:00', '09:15:00', '2024-09-01 09:14:32', '2024-09-01 09:14:32'),
	(96, 3, 4, 96, '09:30:00', '11:00:00', '2024-09-01 09:14:32', '2024-09-01 09:14:32'),
	(97, 4, 7, 97, '12:15:00', '13:00:00', '2024-09-01 09:14:32', '2024-09-01 09:14:32'),
	(98, 2, 3, 98, '08:30:00', '09:15:00', '2024-09-01 09:14:32', '2024-09-01 09:14:32'),
	(99, 3, 1, 99, '07:00:00', '07:45:00', '2024-09-01 09:14:32', '2024-09-01 09:14:32'),
	(100, 1, 3, 100, '08:30:00', '09:15:00', '2024-09-01 09:14:32', '2024-09-01 09:14:32');

-- Dumping structure for table lara-jadwalmapel.jams
CREATE TABLE IF NOT EXISTS `jams` (
  `id` bigint unsigned NOT NULL,
  `jam_awal` varchar(255) COLLATE utf8mb4_unicode_ci DEFAULT NULL,
  `jam_akhir` varchar(255) COLLATE utf8mb4_unicode_ci DEFAULT NULL,
  `created_at` timestamp NULL DEFAULT NULL,
  `updated_at` timestamp NULL DEFAULT NULL
) ENGINE=InnoDB DEFAULT CHARSET=utf8mb4 COLLATE=utf8mb4_unicode_ci;

-- Dumping data for table lara-jadwalmapel.jams: ~10 rows (approximately)
REPLACE INTO `jams` (`id`, `jam_awal`, `jam_akhir`, `created_at`, `updated_at`) VALUES
	(1, '07:00', '07:45', '2024-08-16 06:18:53', '2024-08-16 06:18:53'),
	(2, '07:45', '08:30', '2024-08-16 06:18:53', '2024-08-16 06:18:53'),
	(3, '08:30', '09:15', '2024-08-16 06:18:53', '2024-08-16 06:18:53'),
	(4, '09:30', '10:15', '2024-08-16 06:18:53', '2024-08-16 06:18:53'),
	(5, '10:15', '11:00', '2024-08-16 06:18:53', '2024-08-16 06:18:53'),
	(6, '11:00', '11:45', '2024-08-16 06:18:53', '2024-08-16 06:18:53'),
	(7, '12:15', '13:00', '2024-08-16 06:18:53', '2024-08-16 06:18:53'),
	(8, '13:00', '13:45', '2024-08-16 06:18:53', '2024-08-16 06:18:53'),
	(9, '13:45', '14:30', '2024-08-16 06:18:53', '2024-08-16 06:18:53'),
	(10, '14:30', '15:15', '2024-08-16 06:18:53', '2024-08-16 06:18:53');

-- Dumping structure for table lara-jadwalmapel.kelas
CREATE TABLE IF NOT EXISTS `kelas` (
  `id` bigint unsigned NOT NULL,
  `nama_kelas` varchar(255) COLLATE utf8mb4_unicode_ci DEFAULT NULL,
  `tingkat` int DEFAULT NULL,
  `jurusan` varchar(255) COLLATE utf8mb4_unicode_ci DEFAULT NULL,
  `created_at` timestamp NULL DEFAULT NULL,
  `updated_at` timestamp NULL DEFAULT NULL
) ENGINE=InnoDB DEFAULT CHARSET=utf8mb4 COLLATE=utf8mb4_unicode_ci;

-- Dumping data for table lara-jadwalmapel.kelas: ~36 rows (approximately)
REPLACE INTO `kelas` (`id`, `nama_kelas`, `tingkat`, `jurusan`, `created_at`, `updated_at`) VALUES
	(1, 'X-1', 1, '', '2024-08-16 06:18:53', '2024-08-16 06:18:53'),
	(2, 'X-2', 1, '', '2024-08-16 06:18:53', '2024-08-16 06:18:53'),
	(3, 'X-3', 1, '', '2024-08-16 06:18:53', '2024-08-16 06:18:53'),
	(4, 'X-4', 1, '', '2024-08-16 06:18:53', '2024-08-16 06:18:53'),
	(5, 'X-5', 1, '', '2024-08-16 06:18:53', '2024-08-16 06:18:53'),
	(6, 'X-6', 1, '', '2024-08-16 06:18:53', '2024-08-16 06:18:53'),
	(7, 'X-7', 1, '', '2024-08-16 06:18:53', '2024-08-16 06:18:53'),
	(8, 'X-8', 1, '', '2024-08-16 06:18:53', '2024-08-16 06:18:53'),
	(9, 'X-9', 1, '', '2024-08-16 06:18:53', '2024-08-16 06:18:53'),
	(10, 'X-10', 1, '', '2024-08-16 06:18:53', '2024-08-16 06:18:53'),
	(11, 'X-11', 1, '', '2024-08-16 06:18:53', '2024-08-16 06:18:53'),
	(12, 'X-12', 1, '', '2024-08-16 06:18:53', '2024-08-16 06:18:53'),
	(13, 'XI-1', 2, '', '2024-08-16 06:18:53', '2024-08-16 06:18:53'),
	(14, 'XI-2', 2, '', '2024-08-16 06:18:53', '2024-08-16 06:18:53'),
	(15, 'XI-3', 2, '', '2024-08-16 06:18:53', '2024-08-16 06:18:53'),
	(16, 'XI-4', 2, '', '2024-08-16 06:18:53', '2024-08-16 06:18:53'),
	(17, 'XI-5', 2, '', '2024-08-16 06:18:53', '2024-08-16 06:18:53'),
	(18, 'XI-6', 2, '', '2024-08-16 06:18:53', '2024-08-16 06:18:53'),
	(19, 'XI-7', 2, '', '2024-08-16 06:18:53', '2024-08-16 06:18:53'),
	(20, 'XI-8', 2, '', '2024-08-16 06:18:53', '2024-08-16 06:18:53'),
	(21, 'XI-9', 2, '', '2024-08-16 06:18:53', '2024-08-16 06:18:53'),
	(22, 'XI-10', 2, '', '2024-08-16 06:18:53', '2024-08-16 06:18:53'),
	(23, 'XI-11', 2, '', '2024-08-16 06:18:53', '2024-08-16 06:18:53'),
	(24, 'XI-12', 2, '', '2024-08-16 06:18:53', '2024-08-16 06:18:53'),
	(25, 'XII-MIPA 1', 3, 'MIPA', '2024-08-16 06:18:53', '2024-08-16 06:18:53'),
	(26, 'XII-MIPA 2', 3, 'MIPA', '2024-08-16 06:18:53', '2024-08-16 06:18:53'),
	(27, 'XII-MIPA 3', 3, 'MIPA', '2024-08-16 06:18:53', '2024-08-16 06:18:53'),
	(28, 'XII-MIPA 4', 3, 'MIPA', '2024-08-16 06:18:53', '2024-08-16 06:18:53'),
	(29, 'XII-MIPA 5', 3, 'MIPA', '2024-08-16 06:18:53', '2024-08-16 06:18:53'),
	(30, 'XII-MIPA 6', 3, 'MIPA', '2024-08-16 06:18:53', '2024-08-16 06:18:53'),
	(31, 'XII-MIPA 7', 3, 'MIPA', '2024-08-16 06:18:53', '2024-08-16 06:18:53'),
	(32, 'XII-MIPA 8', 3, 'MIPA', '2024-08-16 06:18:53', '2024-08-16 06:18:53'),
	(33, 'XII-IPS 1', 3, 'IPS', '2024-08-16 06:18:53', '2024-08-16 06:18:53'),
	(34, 'XII-IPS 2', 3, 'IPS', '2024-08-16 06:18:53', '2024-08-16 06:18:53'),
	(35, 'XII-IPS 3', 3, 'IPS', '2024-08-16 06:18:53', '2024-08-16 06:18:53'),
	(36, 'XII-IPS 4', 3, 'IPS', '2024-08-16 06:18:53', '2024-08-16 06:18:53');

-- Dumping structure for table lara-jadwalmapel.mapels
CREATE TABLE IF NOT EXISTS `mapels` (
  `id` bigint unsigned NOT NULL,
  `mata_pelajaran` varchar(255) COLLATE utf8mb4_unicode_ci NOT NULL,
  `jp` int NOT NULL,
  `tingkat` int DEFAULT NULL,
  `jurusan` varchar(255) COLLATE utf8mb4_unicode_ci DEFAULT NULL,
  `created_at` timestamp NULL DEFAULT NULL,
  `updated_at` timestamp NULL DEFAULT NULL
) ENGINE=InnoDB DEFAULT CHARSET=utf8mb4 COLLATE=utf8mb4_unicode_ci;

-- Dumping data for table lara-jadwalmapel.mapels: ~60 rows (approximately)
REPLACE INTO `mapels` (`id`, `mata_pelajaran`, `jp`, `tingkat`, `jurusan`, `created_at`, `updated_at`) VALUES
	(1, 'PA dan BP', 3, NULL, NULL, '2024-08-16 06:18:53', '2024-08-16 06:18:53'),
	(2, 'PA dan BP P5', 1, 1, NULL, '2024-08-16 06:18:53', '2024-08-16 06:18:53'),
	(3, 'PA dan BP P5', 1, 2, NULL, '2024-08-16 06:18:53', '2024-08-16 06:18:53'),
	(4, 'Pend. Pancasila/PPKn', 2, NULL, NULL, '2024-08-16 06:18:53', '2024-08-16 06:18:53'),
	(5, 'Pend. Pancasila/PPKn P5', 1, 1, NULL, '2024-08-16 06:18:53', '2024-08-16 06:18:53'),
	(6, 'Pend. Pancasila/PPKn P5', 1, 2, NULL, '2024-08-16 06:18:53', '2024-08-16 06:18:53'),
	(7, 'Bahasa Indonesia (Umum)', 4, NULL, NULL, '2024-08-16 06:18:53', '2024-08-16 06:18:53'),
	(8, 'Bahasa Indonesia (Umum) P5', 1, 1, NULL, '2024-08-16 06:18:53', '2024-08-16 06:18:53'),
	(9, 'Bahasa Indonesia (Umum) P5', 1, 2, NULL, '2024-08-16 06:18:53', '2024-08-16 06:18:53'),
	(10, 'Bahasa Indonesia Tingkat Lanjut', 4, 2, NULL, '2024-08-16 06:18:53', '2024-08-16 06:18:53'),
	(11, 'Bahasa Indonesia Tingkat Lanjut P5', 1, 2, NULL, '2024-08-16 06:18:53', '2024-08-16 06:18:53'),
	(12, 'Bahasa dan Sastra Indonesia (LM)', 4, 3, 'MIPA', '2024-08-16 06:18:53', '2024-08-16 06:18:53'),
	(13, 'Matematika (Umum)', 4, NULL, NULL, '2024-08-16 06:18:53', '2024-08-16 06:18:53'),
	(14, 'Matematika (Umum) P5', 4, 1, NULL, '2024-08-16 06:18:53', '2024-08-16 06:18:53'),
	(15, 'Matematika Peminatan', 4, 3, 'MIPA', '2024-08-16 06:18:53', '2024-08-16 06:18:53'),
	(16, 'Matematika Tingkat Lanjut', 5, 2, NULL, '2024-08-16 06:18:53', '2024-08-16 06:18:53'),
	(17, 'Matematika Tingkat Lanjut P5', 1, 2, NULL, '2024-08-16 06:18:53', '2024-08-16 06:18:53'),
	(18, 'Bahasa Inggris Umum', 3, NULL, NULL, '2024-08-16 06:18:53', '2024-08-16 06:18:53'),
	(19, 'Bahasa Inggris Tingkat Lanjut', 5, 2, NULL, '2024-08-16 06:18:53', '2024-08-16 06:18:53'),
	(20, 'Bahasa dan Sastra Inggris (LM)', 4, 3, 'IPS', '2024-08-16 06:18:53', '2024-08-16 06:18:53'),
	(21, 'Sejarah Indonesia (Umum)', 3, NULL, NULL, '2024-08-16 06:18:53', '2024-08-16 06:18:53'),
	(22, 'Sejarah Indonesia (Umum) P5', 1, 1, NULL, '2024-08-16 06:18:53', '2024-08-16 06:18:53'),
	(23, 'Sejarah Peminatan', 4, 3, 'IPS', '2024-08-16 06:18:53', '2024-08-16 06:18:53'),
	(24, 'Sejarah Tingkat Lanjut', 5, 2, NULL, '2024-08-16 06:18:53', '2024-08-16 06:18:53'),
	(25, 'Seni (Musik, Rupa, Teater, Tari)', 1, 1, NULL, '2024-08-16 06:18:53', '2024-08-16 06:18:53'),
	(26, 'Seni (Musik, Rupa, Teater, Tari) P5', 1, 1, NULL, '2024-08-16 06:18:53', '2024-08-16 06:18:53'),
	(27, 'Seni dan Budaya (Musik, Rupa, Teater, Tari)', 2, 2, NULL, '2024-08-16 06:18:53', '2024-08-16 06:18:53'),
	(28, 'Seni Budaya', 2, 2, NULL, '2024-08-16 06:18:53', '2024-08-16 06:18:53'),
	(29, 'Prakarya (Budi Daya)', 1, 1, NULL, '2024-08-16 06:18:53', '2024-08-16 06:18:53'),
	(30, 'Prakarya (Budi Daya) P5', 1, 1, NULL, '2024-08-16 06:18:53', '2024-08-16 06:18:53'),
	(31, 'Prakarya dan Kewirausahaan', 2, 2, NULL, '2024-08-16 06:18:53', '2024-08-16 06:18:53'),
	(32, 'Prakarya dan Kewirausahaan', 2, 3, NULL, '2024-08-16 06:18:53', '2024-08-16 06:18:53'),
	(33, 'Pendidikan Jasmani dan Olahraga Kesehatan', 3, NULL, NULL, '2024-08-16 06:18:53', '2024-08-16 06:18:53'),
	(34, 'Pendidikan Jasmani dan Olahraga Kesehatan P5', 1, 1, NULL, '2024-08-16 06:18:53', '2024-08-16 06:18:53'),
	(35, 'Pendidikan Jasmani dan Olahraga Kesehatan P5', 1, 2, NULL, '2024-08-16 06:18:53', '2024-08-16 06:18:53'),
	(36, 'Muatan Lokal (Bahasa Sunda)', 2, NULL, NULL, '2024-08-16 06:18:53', '2024-08-16 06:18:53'),
	(37, 'Fisika', 3, 1, NULL, '2024-08-16 06:18:53', '2024-08-16 06:18:53'),
	(38, 'Fisika', 4, 3, 'MIPA', '2024-08-16 06:18:53', '2024-08-16 06:18:53'),
	(39, 'Fisika (Pilihan Mapel)', 5, 2, NULL, '2024-08-16 06:18:53', '2024-08-16 06:18:53'),
	(40, 'Kimia', 3, 1, NULL, '2024-08-16 06:18:53', '2024-08-16 06:18:53'),
	(41, 'Kimia', 4, 3, 'MIPA', '2024-08-16 06:18:53', '2024-08-16 06:18:53'),
	(42, 'Kimia (Pilihan Mapel)', 5, 2, NULL, '2024-08-16 06:18:53', '2024-08-16 06:18:53'),
	(43, 'Biologi', 3, 1, NULL, '2024-08-16 06:18:53', '2024-08-16 06:18:53'),
	(44, 'Biologi', 4, 3, 'MIPA', '2024-08-16 06:18:53', '2024-08-16 06:18:53'),
	(45, 'Biologi (Pilihan Mapel)', 5, 2, NULL, '2024-08-16 06:18:53', '2024-08-16 06:18:53'),
	(46, 'Biologi (LM)', 4, 3, 'IPS', '2024-08-16 06:18:53', '2024-08-16 06:18:53'),
	(47, 'Geografi', 3, 1, NULL, '2024-08-16 06:18:53', '2024-08-16 06:18:53'),
	(48, 'Geografi', 4, 3, 'IPS', '2024-08-16 06:18:53', '2024-08-16 06:18:53'),
	(49, 'Geografi (Pilihan Mapel)', 5, 2, NULL, '2024-08-16 06:18:53', '2024-08-16 06:18:53'),
	(50, 'Geografi (LM)', 4, 3, 'MIPA', '2024-08-16 06:18:53', '2024-08-16 06:18:53'),
	(51, 'Sosiologi', 3, 1, NULL, '2024-08-16 06:18:53', '2024-08-16 06:18:53'),
	(52, 'Sosiologi', 4, 3, 'IPS', '2024-08-16 06:18:53', '2024-08-16 06:18:53'),
	(53, 'Sosiologi (Pilihan Mapel)', 5, 2, NULL, '2024-08-16 06:18:53', '2024-08-16 06:18:53'),
	(54, 'Sosiologi (LM)', 4, 3, 'MIPA', '2024-08-16 06:18:53', '2024-08-16 06:18:53'),
	(55, 'Ekonomi', 4, 3, 'IPS', '2024-08-16 06:18:53', '2024-08-16 06:18:53'),
	(56, 'Ekonomi', 3, 1, NULL, '2024-08-16 06:18:53', '2024-08-16 06:18:53'),
	(57, 'Ekonomi (Pilihan Mapel)', 5, 2, NULL, '2024-08-16 06:18:53', '2024-08-16 06:18:53'),
	(58, 'Ekonomi (LM)', 4, 3, 'MIPA', '2024-08-16 06:18:53', '2024-08-16 06:18:53'),
	(59, 'Informatika', 3, 1, NULL, '2024-08-16 06:18:53', '2024-08-16 06:18:53'),
	(60, 'Informatika', 5, 2, NULL, '2024-08-16 06:18:53', '2024-08-16 06:18:53');

-- Dumping structure for table lara-jadwalmapel.users
CREATE TABLE IF NOT EXISTS `users` (
  `id` bigint unsigned NOT NULL AUTO_INCREMENT,
  `name` varchar(255) CHARACTER SET utf8mb4 COLLATE utf8mb4_unicode_ci NOT NULL,
  `email` varchar(255) CHARACTER SET utf8mb4 COLLATE utf8mb4_unicode_ci NOT NULL,
  `email_verified_at` timestamp NULL DEFAULT NULL,
  `password` varchar(255) CHARACTER SET utf8mb4 COLLATE utf8mb4_unicode_ci NOT NULL,
  `remember_token` varchar(100) CHARACTER SET utf8mb4 COLLATE utf8mb4_unicode_ci DEFAULT NULL,
  `created_at` timestamp NULL DEFAULT NULL,
  `updated_at` timestamp NULL DEFAULT NULL,
  `deleted_at` datetime DEFAULT NULL,
  PRIMARY KEY (`id`),
  UNIQUE KEY `users_email_unique` (`email`)
) ENGINE=InnoDB AUTO_INCREMENT=2 DEFAULT CHARSET=utf8mb4 COLLATE=utf8mb4_unicode_ci;

-- Dumping data for table lara-jadwalmapel.users: ~1 rows (approximately)
REPLACE INTO `users` (`id`, `name`, `email`, `email_verified_at`, `password`, `remember_token`, `created_at`, `updated_at`, `deleted_at`) VALUES
	(1, 'Admin', 'admin@gmail.com', NULL, '$2y$12$cU2H72DBBYjoF8V7EP4FDu.BFf2azMUG41EN1Eh4jZ6nuU0iF21FS', NULL, '2024-08-16 06:18:52', '2024-08-16 06:18:52', NULL);

/*!40103 SET TIME_ZONE=IFNULL(@OLD_TIME_ZONE, 'system') */;
/*!40101 SET SQL_MODE=IFNULL(@OLD_SQL_MODE, '') */;
/*!40014 SET FOREIGN_KEY_CHECKS=IFNULL(@OLD_FOREIGN_KEY_CHECKS, 1) */;
/*!40101 SET CHARACTER_SET_CLIENT=@OLD_CHARACTER_SET_CLIENT */;
/*!40111 SET SQL_NOTES=IFNULL(@OLD_SQL_NOTES, 1) */;
